CYP2C19,Probe_Information,Assay_ID,*1/*1,*1/*2,*1/*3,*1/*4,*1/*6,*1/*8,*1/*10,*1/*17,*2/*3,*2/*2,*2/*4,*2/*6,*2/*8,*2/*10,*2/*17,*3/*3,*3/*4,*3/*6,*3/*8,*3/*10,*3/*17,*4/*4,*4/*6,*4/*8,*4/*10,*4/*17,*6/*6,*6/*8,*6/*10,*6/*17,*8/*8,*8/*10,*8/*17,*10/*10,*10/*17,*17/*17,,,,,,,,,,,,,,,,,,,,,,,,,,,,,,,,,,,,,,,,,,,,,,,,,,,,,,,,,,,,,,,,,,,,,,,,,,,,,,,,,,,,,,,,,,,,,,,,,,,,,,,,,,,,,,,,,,,,,,,,,,,,,,,,,,,,,,,,,,,,,,,,,,
CYP2C19,CYP2C19.2_c.681G>A (WT=G MUT=A),C__25986767_70,WT,HET,WT,WT,WT,WT,WT,WT,HET,MUT,HET,HET,HET,MUT,HET,WT,WT,WT,WT,WT,WT,WT,WT,WT,WT,WT,WT,WT,WT,WT,WT,WT,WT,NOAMP,WT,WT,,,,,,,,,,,,,,,,,,,,,,,,,,,,,,,,,,,,,,,,,,,,,,,,,,,,,,,,,,,,,,,,,,,,,,,,,,,,,,,,,,,,,,,,,,,,,,,,,,,,,,,,,,,,,,,,,,,,,,,,,,,,,,,,,,,,,,,,,,,,,,,,,,
CYP2C19,CYP2C19.3_c.636G>A(WT=G MUT=A),C__27861809_10,WT,WT,HET,WT,WT,WT,WT,WT,HET,WT,WT,WT,WT,WT,WT,MUT,HET,HET,HET,HET,HET,WT,WT,WT,WT,WT,WT,WT,WT,WT,WT,WT,WT,WT,WT,WT,,,,,,,,,,,,,,,,,,,,,,,,,,,,,,,,,,,,,,,,,,,,,,,,,,,,,,,,,,,,,,,,,,,,,,,,,,,,,,,,,,,,,,,,,,,,,,,,,,,,,,,,,,,,,,,,,,,,,,,,,,,,,,,,,,,,,,,,,,,,,,,,,,
CYP2C19,CYP2C19.4_c.1A>G(WT=A MUT=G),C__30634136_10,WT,WT,WT,HET,WT,WT,WT,WT,WT,WT,HET,WT,WT,WT,WT,WT,HET,WT,WT,WT,WT,MUT,HET,HET,HET,HET,WT,WT,WT,WT,WT,WT,WT,WT,WT,WT,,,,,,,,,,,,,,,,,,,,,,,,,,,,,,,,,,,,,,,,,,,,,,,,,,,,,,,,,,,,,,,,,,,,,,,,,,,,,,,,,,,,,,,,,,,,,,,,,,,,,,,,,,,,,,,,,,,,,,,,,,,,,,,,,,,,,,,,,,,,,,,,,,
CYP2C19,CYP2C19.6_c.395G>A(WT=G MUT=A),C__27531918_10,WT,WT,WT,WT,HET,WT,WT,WT,WT,WT,WT,HET,WT,WT,WT,WT,WT,HET,WT,WT,WT,WT,HET,WT,WT,WT,MUT,HET,HET,HET,WT,WT,WT,WT,WT,WT,,,,,,,,,,,,,,,,,,,,,,,,,,,,,,,,,,,,,,,,,,,,,,,,,,,,,,,,,,,,,,,,,,,,,,,,,,,,,,,,,,,,,,,,,,,,,,,,,,,,,,,,,,,,,,,,,,,,,,,,,,,,,,,,,,,,,,,,,,,,,,,,,,
CYP2C19,CYP2C19.8_c.358T>C(WT=T MUT=C),C__30634130_30,WT,WT,WT,WT,WT,HET,WT,WT,WT,WT,WT,WT,HET,WT,WT,WT,WT,WT,HET,WT,WT,WT,WT,HET,WT,WT,WT,HET,WT,WT,MUT,HET,HET,WT,WT,WT,,,,,,,,,,,,,,,,,,,,,,,,,,,,,,,,,,,,,,,,,,,,,,,,,,,,,,,,,,,,,,,,,,,,,,,,,,,,,,,,,,,,,,,,,,,,,,,,,,,,,,,,,,,,,,,,,,,,,,,,,,,,,,,,,,,,,,,,,,,,,,,,,,
CYP2C19,CYP2C19.17_g.-806C>T(WT=C MUT=T),C____469857_10,WT,WT,WT,WT,WT,WT,WT,HET,WT,WT,WT,WT,WT,WT,HET,WT,WT,WT,WT,WT,HET,WT,WT,WT,WT,HET,WT,WT,WT,HET,WT,WT,HET,WT,HET,MUT,,,,,,,,,,,,,,,,,,,,,,,,,,,,,,,,,,,,,,,,,,,,,,,,,,,,,,,,,,,,,,,,,,,,,,,,,,,,,,,,,,,,,,,,,,,,,,,,,,,,,,,,,,,,,,,,,,,,,,,,,,,,,,,,,,,,,,,,,,,,,,,,,,
CYP2C19,CYP2C19.10_g. C>T(WT=C MUT=T),C__30634128_10,WT,WT,WT,WT,WT,WT,HET,WT,WT,NOAMP,WT,WT,WT,MUT,WT,WT,WT,WT,WT,HET,WT,WT,WT,WT,HET,WT,WT,WT,HET,WT,WT,HET,WT,MUT,HET,WT,,,,,,,,,,,,,,,,,,,,,,,,,,,,,,,,,,,,,,,,,,,,,,,,,,,,,,,,,,,,,,,,,,,,,,,,,,,,,,,,,,,,,,,,,,,,,,,,,,,,,,,,,,,,,,,,,,,,,,,,,,,,,,,,,,,,,,,,,,,,,,,,,,
CYP2D6,Probe_Information,Assay_ID,*1/*1,*1/*1 DUP,*1/*2,*1/*2 DUP,*1/*2 (2850 wt),*1/*2(2850 wt) DUP,*1/*3,*1/*3 DUP,*1/*4,*1/*4 DUP,*1/*5,*1/*6,*1/*6 DUP,*1/*7,*1/*7 DUP,*1/*8,*1/*9,*1/*9 DUP,*1/*10,*1/*10 DUP,*1/*17,*1/*17 DUP,*1/*29,*1/*29 DUP,*1/*41,*1/*41 DUP,*2/*2,*2/*2 DUP,*2/*2(2850 wt),*2/*2(2850 wt) DUP,*2/*3,*2/*3 DUP,*2/*4,*2/*4 DUP,*2/*5,*2/*6,*2/*6 DUP,*2/*7,*2/*7 DUP,*2/*8,*2/*9,*2/*9 DUP,*2/*10,*2/*10 DUP,*2/*17,*2/*17 DUP,*2/*29,*2/*29 DUP,*2/*41,*2/*41 DUP,*2(2850 wt)/*2(2850 wt),*2(2850 wt)/*2(2850 wt) DUP,*2(2850 wt)/*3,*2(2850 wt)/*3 DUP,*2(2850 wt)/*4,*2(2850 wt)/*4 DUP,*2(2850 wt)/*5,*2(2850 wt)/*6,*2(2850 wt)/*6 DUP,*2(2850 wt)/*7,*2(2850 wt)/*7 DUP,*2(2850 wt)/*8,*2(2850 wt)/*9,*2(2850 wt)/*9 DUP,*2(2850 wt)/*10,*2(2850 wt)/*10 DUP,*2(2850 wt)/*17,*2(2850 wt)/*17 DUP,*2(2850 wt)/*29,*2(2850 wt)/*29 DUP,*2(2850 wt)/*41,*2(2850 wt)/*41 DUP,*3/*3,*3/*3 DUP,*3/*4,*3/*4 DUP,*3/*5,*3/*6,*3/*7,*3/*8,*3/*9,*3/*9 DUP,*3/*10,*3/*10 DUP,*3/*17,*3/*17 DUP,*3/*29,*3/*29 DUP,*3/*41,*3/*41 DUP,*4/*4,*4/*4 DUP,*4/*5,*4/*6,*4/*6 DUP,*4/*7,*4/*8,*4/*9,*4/*9 DUP,*4/*10,*4/*10 DUP,*4/*17,*4/*17 DUP,*4/*29,*4/*29 DUP,*4/*41,*4/*41 DUP,*5/*5,*5/*6,*5/*7,*5/*8,*5/*9,*5/*10,*5/*17,*5/*29,*5/*41,*6/*6,*6/*7,*6/*8,*6/*9,*6/*9 DUP,*6/*10,*6/*10 DUP,*6/*17,*6/*17 DUP,*6/*29,*6/*29 DUP,*6/*41,*6/*41 DUP,*7/*7,*7/*8,*7/*9,*7/*9 DUP,*7/*10,*7/*10 DUP,*7/*17,*7/*17 DUP,*7/*29,*7/*29 DUP,*7/*41,*7/*41 DUP,*8/*8,*8/*9,*8/*9 DUP,*8/*10,*8/*10 DUP,*8/*17,*8/*17 DUP,*8/*29,*8/*29 DUP,*8/*41,*8/*41 DUP,*9/*9,*9/*9 DUP,*9/*10,*9/*10 DUP,*9/*17,*9/*17 DUP,*9/*29,*9/*29 DUP,*9/*41,*9/*41 DUP,*10/*10,*10/*10 DUP,*10/*17,*10/*17 DUP,*10/*29,*10/*29 DUP,*10/*41,*10/*41 DUP,*17/*17,*17/*17 DUP,*17/*29,*17/*29 DUP,*17/*41,*17/*41 DUP,*29/*29,*29/*29 DUP,*29/*41,*29/*41 DUP,*41/*41,*41/*41 DUP
CYP2D6,CYP2D6_ex9,Hs00010001_cn,2,3,2,3,2,3,2,3,2,3,1,2,3,2,3,2,2,3,2,3,2,3,2,3,2,3,2,3,2,3,2,3,2,3,1,2,3,2,3,2,2,3,2,3,2,3,2,3,2,3,2,3,2,3,2,3,1,2,3,2,3,2,2,3,2,3,2,3,2,3,2,3,2,3,2,3,1,2,2,2,2,3,2,3,2,3,2,3,2,3,2,3,1,2,3,2,2,2,3,2,3,2,3,2,3,2,3,0,1,1,1,1,1,1,1,1,2,2,2,2,3,2,3,2,3,2,3,2,3,2,2,2,3,2,3,2,3,2,3,2,3,2,2,3,2,3,2,3,2,3,2,3,2,3,2,3,2,3,2,3,2,3,2,3,2,3,2,3,2,3,2,3,2,3,2,3,2,3,2,3,2,3
CYP2D6,CYP2D6*17; 1023C>T; (WT=G MUT=A),C___2222771_A0,WT,WT,WT,WT,WT,WT,WT,WT,WT,WT,WT,WT,WT,WT,WT,WT,WT,WT,WT,WT,HET,HET,WT,WT,WT,WT,WT,WT,WT,WT,WT,WT,WT,WT,WT,WT,WT,WT,WT,WT,WT,WT,WT,WT,HET,HET,WT,WT,WT,WT,WT,WT,WT,WT,WT,WT,WT,WT,WT,WT,WT,WT,WT,WT,WT,WT,HET,HET,WT,WT,WT,WT,WT,WT,WT,WT,WT,WT,WT,WT,WT,WT,WT,WT,HET,HET,WT,WT,WT,WT,WT,WT,WT,WT,WT,WT,WT,WT,WT,WT,WT,HET,HET,WT,WT,WT,WT,NOAMP,WT,WT,WT,WT,WT,MUT,WT,WT,WT,WT,WT,WT,WT,WT,WT,HET,HET,WT,WT,WT,WT,WT,WT,WT,WT,WT,WT,HET,HET,WT,WT,WT,WT,WT,WT,WT,WT,WT,HET,HET,WT,WT,WT,WT,WT,WT,WT,WT,HET,HET,WT,WT,WT,WT,WT,WT,HET,HET,WT,WT,WT,WT,MUT,MUT,HET,HET,HET,HET,WT,WT,WT,WT,WT,WT
CYP2D6,CYP2D6 (*4 and *10) 100C>T(WT=G MUT=A),C__11484460_40,WT,WT,WT,WT,WT,WT,WT,WT,HET,HET,WT,WT,WT,WT,WT,WT,WT,WT,HET,HET,WT,WT,WT,WT,WT,WT,WT,WT,WT,WT,WT,WT,HET,HET,WT,WT,WT,WT,WT,WT,WT,WT,HET,HET,WT,WT,WT,WT,WT,WT,WT,WT,WT,WT,HET,HET,WT,WT,WT,WT,WT,WT,WT,WT,HET,HET,WT,WT,WT,WT,WT,WT,WT,WT,HET,HET,WT,WT,WT,WT,WT,WT,HET,HET,WT,WT,WT,WT,WT,WT,MUT,MUT,MUT,HET,HET,HET,HET,HET,HET,MUT,MUT,HET,HET,HET,HET,HET,HET,NOAMP,WT,WT,WT,WT,MUT,WT,WT,WT,WT,WT,WT,WT,WT,HET,HET,WT,WT,WT,WT,WT,WT,WT,WT,WT,WT,HET,HET,WT,WT,WT,WT,WT,WT,WT,WT,WT,HET,HET,WT,WT,WT,WT,WT,WT,WT,WT,HET,HET,WT,WT,WT,WT,WT,WT,MUT,MUT,HET,HET,HET,HET,HET,HET,WT,WT,WT,WT,WT,WT,WT,WT,WT,WT,WT,WT
CYP2D6,CYP2D6 4180G>C(WT=C MUT=G),C__27102414_10,WT,WT,HET,HET,HET,HET,WT,WT,HET,HET,WT,WT,WT,WT,WT,HET,WT,WT,HET,HET,HET,HET,HET,HET,HET,HET,MUT,MUT,MUT,MUT,HET,HET,MUT,MUT,MUT,HET,HET,HET,HET,MUT,HET,HET,MUT,MUT,MUT,MUT,MUT,MUT,MUT,MUT,MUT,MUT,HET,HET,MUT,MUT,MUT,HET,HET,HET,HET,MUT,HET,HET,MUT,MUT,MUT,MUT,MUT,MUT,MUT,MUT,WT,WT,HET,HET,WT,WT,WT,HET,WT,WT,HET,HET,HET,HET,HET,HET,HET,HET,MUT,MUT,MUT,HET,HET,HET,MUT,HET,HET,MUT,MUT,MUT,MUT,MUT,MUT,MUT,MUT,NOAMP,WT,WT,MUT,WT,MUT,MUT,MUT,MUT,WT,WT,HET,WT,WT,HET,HET,HET,HET,HET,HET,HET,HET,WT,HET,WT,WT,HET,HET,HET,HET,HET,HET,HET,HET,MUT,HET,HET,MUT,MUT,MUT,MUT,MUT,MUT,MUT,MUT,WT,WT,HET,HET,HET,HET,HET,HET,HET,HET,MUT,MUT,MUT,MUT,MUT,MUT,MUT,MUT,MUT,MUT,MUT,MUT,MUT,MUT,MUT,MUT,MUT,MUT,MUT,MUT
CYP2D6,CYP2D6 2850C>T (WT=G MUT=A),C__27102425_10,WT,WT,HET,HET,WT,WT,WT,WT,WT,WT,WT,WT,WT,WT,WT,HET,WT,WT,WT,WT,HET,HET,HET,HET,HET,HET,MUT,MUT,HET,HET,HET,HET,HET,HET,MUT,HET,HET,HET,HET,MUT,HET,HET,HET,HET,MUT,MUT,MUT,MUT,MUT,MUT,WT,WT,WT,WT,WT,WT,WT,WT,WT,WT,WT,HET,WT,WT,WT,WT,HET,HET,HET,HET,HET,HET,WT,WT,WT,WT,WT,WT,WT,HET,WT,WT,WT,WT,HET,HET,HET,HET,HET,HET,WT,WT,WT,WT,WT,WT,HET,WT,WT,WT,WT,HET,HET,HET,HET,HET,HET,NOAMP,WT,WT,MUT,WT,WT,MUT,MUT,MUT,WT,WT,HET,WT,WT,WT,WT,HET,HET,HET,HET,HET,HET,WT,HET,WT,WT,WT,WT,HET,HET,HET,HET,HET,HET,MUT,HET,HET,HET,HET,MUT,MUT,MUT,MUT,MUT,MUT,WT,WT,WT,WT,HET,HET,HET,HET,HET,HET,WT,WT,HET,HET,HET,HET,HET,HET,MUT,MUT,MUT,MUT,MUT,MUT,MUT,MUT,MUT,MUT,MUT,MUT
CYP2D6,CYP2D6*4; 1846G>A; (WT=C MUT=T),C__27102431_D0,WT,WT,WT,WT,WT,WT,WT,WT,HET,HET,WT,WT,WT,WT,WT,WT,WT,WT,WT,WT,WT,WT,WT,WT,WT,WT,WT,WT,WT,WT,WT,WT,HET,HET,WT,WT,WT,WT,WT,WT,WT,WT,WT,WT,WT,WT,WT,WT,WT,WT,WT,WT,WT,WT,HET,HET,WT,WT,WT,WT,WT,WT,WT,WT,WT,WT,WT,WT,WT,WT,WT,WT,WT,WT,HET,HET,WT,WT,WT,WT,WT,WT,WT,WT,WT,WT,WT,WT,WT,WT,MUT,MUT,MUT,HET,HET,HET,HET,HET,HET,HET,HET,HET,HET,HET,HET,HET,HET,NOAMP,WT,WT,WT,WT,WT,WT,WT,WT,WT,WT,WT,WT,WT,WT,WT,WT,WT,WT,WT,WT,WT,WT,WT,WT,WT,WT,WT,WT,WT,WT,WT,WT,WT,WT,WT,WT,WT,WT,WT,WT,WT,WT,WT,WT,WT,WT,WT,WT,WT,WT,WT,WT,WT,WT,WT,WT,WT,WT,WT,WT,WT,WT,WT,WT,WT,WT,WT,WT,WT,WT,WT,WT,WT,WT
CYP2D6,CYP2D6*7; 2935A>C; (WT=T MUT=G),C__32388575_A0,WT,WT,WT,WT,WT,WT,WT,WT,WT,WT,WT,WT,WT,HET,HET,WT,WT,WT,WT,WT,WT,WT,WT,WT,WT,WT,WT,WT,WT,WT,WT,WT,WT,WT,WT,WT,WT,HET,HET,WT,WT,WT,WT,WT,WT,WT,WT,WT,WT,WT,WT,WT,WT,WT,WT,WT,WT,WT,WT,HET,HET,WT,WT,WT,WT,WT,WT,WT,WT,WT,WT,WT,WT,WT,WT,WT,WT,WT,HET,WT,WT,WT,WT,WT,WT,WT,WT,WT,WT,WT,WT,WT,WT,WT,WT,HET,WT,WT,WT,WT,WT,WT,WT,WT,WT,WT,WT,NOAMP,WT,MUT,WT,WT,WT,WT,WT,WT,WT,HET,WT,WT,WT,WT,WT,WT,WT,WT,WT,WT,WT,MUT,HET,HET,HET,HET,HET,HET,HET,HET,HET,HET,HET,WT,WT,WT,WT,WT,WT,WT,WT,WT,WT,WT,WT,WT,WT,WT,WT,WT,WT,WT,WT,WT,WT,WT,WT,WT,WT,WT,WT,WT,WT,WT,WT,WT,WT,WT,WT,WT,WT,WT,WT,WT
CYP2D6,CYP2D6*9; 2615_2617delAAG; (WT=TCT MUT=-),C__32407229_60,WT,WT,WT,WT,WT,WT,WT,WT,WT,WT,WT,WT,WT,WT,WT,WT,HET,HET,WT,WT,WT,WT,WT,WT,WT,WT,WT,WT,WT,WT,WT,WT,WT,WT,WT,WT,WT,WT,WT,WT,HET,HET,WT,WT,WT,WT,WT,WT,WT,WT,WT,WT,WT,WT,WT,WT,WT,WT,WT,WT,WT,WT,HET,HET,WT,WT,WT,WT,WT,WT,WT,WT,WT,WT,WT,WT,WT,WT,WT,WT,HET,HET,WT,WT,WT,WT,WT,WT,WT,WT,WT,WT,WT,WT,WT,WT,WT,HET,HET,WT,WT,WT,WT,WT,WT,WT,WT,NOAMP,WT,WT,WT,MUT,WT,WT,WT,WT,WT,WT,WT,HET,HET,WT,WT,WT,WT,WT,WT,WT,WT,WT,WT,HET,HET,WT,WT,WT,WT,WT,WT,WT,WT,WT,HET,HET,WT,WT,WT,WT,WT,WT,WT,WT,MUT,MUT,HET,HET,HET,HET,HET,HET,HET,HET,WT,WT,WT,WT,WT,WT,WT,WT,WT,WT,WT,WT,WT,WT,WT,WT,WT,WT,WT,WT
CYP2D6,CYP2D6*3; 2549delA; (WT=T MUT=-),C__32407232_50,WT,WT,WT,WT,WT,WT,HET,HET,WT,WT,WT,WT,WT,WT,WT,WT,WT,WT,WT,WT,WT,WT,WT,WT,WT,WT,WT,WT,WT,WT,HET,HET,WT,WT,WT,WT,WT,WT,WT,WT,WT,WT,WT,WT,WT,WT,WT,WT,WT,WT,WT,WT,HET,HET,WT,WT,WT,WT,WT,WT,WT,WT,WT,WT,WT,WT,WT,WT,WT,WT,WT,WT,MUT,MUT,HET,HET,MUT,HET,HET,HET,HET,HET,HET,HET,HET,HET,HET,HET,HET,HET,WT,WT,WT,WT,WT,WT,WT,WT,WT,WT,WT,WT,WT,WT,WT,WT,WT,NOAMP,WT,WT,WT,WT,WT,WT,WT,WT,WT,WT,WT,WT,WT,WT,WT,WT,WT,WT,WT,WT,WT,WT,WT,WT,WT,WT,WT,WT,WT,WT,WT,WT,WT,WT,WT,WT,WT,WT,WT,WT,WT,WT,WT,WT,WT,WT,WT,WT,WT,WT,WT,WT,WT,WT,WT,WT,WT,WT,WT,WT,WT,WT,WT,WT,WT,WT,WT,WT,WT,WT,WT,WT,WT,WT
CYP2D6,CYP2D6*6; 1707delT; (WT=A MUT=-),C__32407243_20,WT,WT,WT,WT,WT,WT,WT,WT,WT,WT,WT,HET,HET,WT,WT,WT,WT,WT,WT,WT,WT,WT,WT,WT,WT,WT,WT,WT,WT,WT,WT,WT,WT,WT,WT,HET,HET,WT,WT,WT,WT,WT,WT,WT,WT,WT,WT,WT,WT,WT,WT,WT,WT,WT,WT,WT,WT,HET,HET,WT,WT,WT,WT,WT,WT,WT,WT,WT,WT,WT,WT,WT,WT,WT,WT,WT,WT,HET,WT,WT,WT,WT,WT,WT,WT,WT,WT,WT,WT,WT,WT,WT,WT,HET,HET,WT,WT,WT,WT,WT,WT,WT,WT,WT,WT,WT,WT,NOAMP,MUT,WT,WT,WT,WT,WT,WT,WT,MUT,HET,HET,HET,HET,HET,HET,HET,HET,HET,HET,HET,HET,WT,WT,WT,WT,WT,WT,WT,WT,WT,WT,WT,WT,WT,WT,WT,WT,WT,WT,WT,WT,WT,WT,WT,WT,WT,WT,WT,WT,WT,WT,WT,WT,WT,WT,WT,WT,WT,WT,WT,WT,WT,WT,WT,WT,WT,WT,WT,WT,WT,WT,WT,WT,WT
CYP2D6,CYP2D6*29; 3183G>A; (WT=C MUT=T),C__34816113_20,WT,WT,WT,WT,WT,WT,WT,WT,WT,WT,WT,WT,WT,WT,WT,WT,WT,WT,WT,WT,WT,WT,HET,HET,WT,WT,WT,WT,WT,WT,WT,WT,WT,WT,WT,WT,WT,WT,WT,WT,WT,WT,WT,WT,WT,WT,HET,HET,WT,WT,WT,WT,WT,WT,WT,WT,WT,WT,WT,WT,WT,WT,WT,WT,WT,WT,WT,WT,HET,HET,WT,WT,WT,WT,WT,WT,WT,WT,WT,WT,WT,WT,WT,WT,WT,WT,HET,HET,WT,WT,WT,WT,WT,WT,WT,WT,WT,WT,WT,WT,WT,WT,WT,HET,HET,WT,WT,NOAMP,WT,WT,WT,WT,WT,WT,MUT,WT,WT,WT,WT,WT,WT,WT,WT,WT,WT,HET,HET,WT,WT,WT,WT,WT,WT,WT,WT,WT,WT,HET,HET,WT,WT,WT,WT,WT,WT,WT,WT,WT,HET,HET,WT,WT,WT,WT,WT,WT,WT,WT,HET,HET,WT,WT,WT,WT,WT,WT,HET,HET,WT,WT,WT,WT,HET,HET,WT,WT,MUT,MUT,HET,HET,WT,WT
CYP2D6,CYP2D6*41; 2988G>A; (WT=C MUT=T),C__34816116_20,WT,WT,WT,WT,WT,WT,WT,WT,WT,WT,WT,WT,WT,WT,WT,WT,WT,WT,WT,WT,WT,WT,WT,WT,HET,HET,WT,WT,WT,WT,WT,WT,WT,WT,WT,WT,WT,WT,WT,WT,WT,WT,WT,WT,WT,WT,WT,WT,HET,HET,WT,WT,WT,WT,WT,WT,WT,WT,WT,WT,WT,WT,WT,WT,WT,WT,WT,WT,WT,WT,HET,HET,WT,WT,WT,WT,WT,WT,WT,WT,WT,WT,WT,WT,WT,WT,WT,WT,HET,HET,WT,WT,WT,WT,WT,WT,WT,WT,WT,WT,WT,WT,WT,WT,WT,HET,HET,NOAMP,WT,WT,WT,WT,WT,WT,WT,MUT,WT,WT,WT,WT,WT,WT,WT,WT,WT,WT,WT,HET,HET,WT,WT,WT,WT,WT,WT,WT,WT,WT,WT,HET,HET,WT,WT,WT,WT,WT,WT,WT,WT,WT,HET,HET,WT,WT,WT,WT,WT,WT,WT,WT,HET,HET,WT,WT,WT,WT,WT,WT,HET,HET,WT,WT,WT,WT,HET,HET,WT,WT,HET,HET,MUT,MUT
CYP2D6,CYP2D6*8; 1758G>T; (WT=C MUT=A),C_30634117C_K0,WT,WT,WT,WT,WT,WT,WT,WT,WT,WT,WT,WT,WT,WT,WT,HET,WT,WT,WT,WT,WT,WT,WT,WT,WT,WT,WT,WT,WT,WT,WT,WT,WT,WT,WT,WT,WT,WT,WT,HET,WT,WT,WT,WT,WT,WT,WT,WT,WT,WT,WT,WT,WT,WT,WT,WT,WT,WT,WT,WT,WT,HET,WT,WT,WT,WT,WT,WT,WT,WT,WT,WT,WT,WT,WT,WT,WT,WT,WT,HET,WT,WT,WT,WT,WT,WT,WT,WT,WT,WT,WT,WT,WT,WT,WT,WT,HET,WT,WT,WT,WT,WT,WT,WT,WT,WT,WT,NOAMP,WT,WT,MUT,WT,WT,WT,WT,WT,WT,WT,HET,WT,WT,WT,WT,WT,WT,WT,WT,WT,WT,WT,HET,WT,WT,WT,WT,WT,WT,WT,WT,WT,WT,MUT,HET,HET,HET,HET,HET,HET,HET,HET,HET,HET,WT,WT,WT,WT,WT,WT,WT,WT,WT,WT,WT,WT,WT,WT,WT,WT,WT,WT,WT,WT,WT,WT,WT,WT,WT,WT,WT,WT,WT,WT
CYP3A5,Probe_Information,Assay_ID,*1/*1,*1/*3,*1/*6,*1/*7,*3/*3,*3/*6,*3/*7,*6/*6,*6/*7,*7/*7,,,,,,,,,,,,,,,,,,,,,,,,,,,,,,,,,,,,,,,,,,,,,,,,,,,,,,,,,,,,,,,,,,,,,,,,,,,,,,,,,,,,,,,,,,,,,,,,,,,,,,,,,,,,,,,,,,,,,,,,,,,,,,,,,,,,,,,,,,,,,,,,,,,,,,,,,,,,,,,,,,,,,,,,,,,,
CYP3A5,CYP3A5*3 (WT=T MUT=C),C__26201809_30,WT,HET,WT,WT,MUT,HET,HET,WT,WT,WT,,,,,,,,,,,,,,,,,,,,,,,,,,,,,,,,,,,,,,,,,,,,,,,,,,,,,,,,,,,,,,,,,,,,,,,,,,,,,,,,,,,,,,,,,,,,,,,,,,,,,,,,,,,,,,,,,,,,,,,,,,,,,,,,,,,,,,,,,,,,,,,,,,,,,,,,,,,,,,,,,,,,,,,,,,,,
CYP3A5,CYP3A5*6 (WT=C MUT=T),C__30203950_10,WT,WT,HET,WT,WT,HET,WT,MUT,HET,WT,,,,,,,,,,,,,,,,,,,,,,,,,,,,,,,,,,,,,,,,,,,,,,,,,,,,,,,,,,,,,,,,,,,,,,,,,,,,,,,,,,,,,,,,,,,,,,,,,,,,,,,,,,,,,,,,,,,,,,,,,,,,,,,,,,,,,,,,,,,,,,,,,,,,,,,,,,,,,,,,,,,,,,,,,,,,
CYP3A5,CYP3A5*7 (WT=- MUT=A),C__32287188_10,WT,WT,WT,HET,WT,WT,HET,WT,HET,MUT,,,,,,,,,,,,,,,,,,,,,,,,,,,,,,,,,,,,,,,,,,,,,,,,,,,,,,,,,,,,,,,,,,,,,,,,,,,,,,,,,,,,,,,,,,,,,,,,,,,,,,,,,,,,,,,,,,,,,,,,,,,,,,,,,,,,,,,,,,,,,,,,,,,,,,,,,,,,,,,,,,,,,,,,,,,,
SLCO1B1,Probe_Information,Assay_ID,*1/*1,*1/*5,*5/*5,,,,,,,,,,,,,,,,,,,,,,,,,,,,,,,,,,,,,,,,,,,,,,,,,,,,,,,,,,,,,,,,,,,,,,,,,,,,,,,,,,,,,,,,,,,,,,,,,,,,,,,,,,,,,,,,,,,,,,,,,,,,,,,,,,,,,,,,,,,,,,,,,,,,,,,,,,,,,,,,,,,,,,,,,,,,,,,,,,,
SLCO1B1,SCLO1B1 c.521T>C; (WT=T MUT=C),C__30633906_10,WT,HET,MUT,,,,,,,,,,,,,,,,,,,,,,,,,,,,,,,,,,,,,,,,,,,,,,,,,,,,,,,,,,,,,,,,,,,,,,,,,,,,,,,,,,,,,,,,,,,,,,,,,,,,,,,,,,,,,,,,,,,,,,,,,,,,,,,,,,,,,,,,,,,,,,,,,,,,,,,,,,,,,,,,,,,,,,,,,,,,,,,,,,,
CYP2C9,Probe_Information,Assay_ID,*1/*1,*1/*2,*1/*3,*1/*5,*1/*6,*1/*8,*1/*11,*2/*2,*2/*3,*2/*5,*2/*6,*2/*8,*2/*11,*3/*3,*3/*5,*3/*6,*3/*8,*3/*11,*5/*5,*5/*6,*5/*8,*5/*11,*6/*6,*6/*8,*6/*11,*8/*8,*8/*11,*11/*11,,,,,,,,,,,,,,,,,,,,,,,,,,,,,,,,,,,,,,,,,,,,,,,,,,,,,,,,,,,,,,,,,,,,,,,,,,,,,,,,,,,,,,,,,,,,,,,,,,,,,,,,,,,,,,,,,,,,,,,,,,,,,,,,,,,,,,,,,,,,,,,,,,,,,,,,,,
CYP2C9,CYP2C9*2 (WT=C MUT=T),C__25625805_10,WT,HET,WT,WT,WT,WT,WT,MUT,HET,HET,HET,HET,HET,WT,WT,WT,WT,WT,WT,WT,WT,WT,WT,WT,WT,WT,WT,WT,,,,,,,,,,,,,,,,,,,,,,,,,,,,,,,,,,,,,,,,,,,,,,,,,,,,,,,,,,,,,,,,,,,,,,,,,,,,,,,,,,,,,,,,,,,,,,,,,,,,,,,,,,,,,,,,,,,,,,,,,,,,,,,,,,,,,,,,,,,,,,,,,,,,,,,,,,
CYP2C9,CYP2C9*3 (WT=A MUT=C),C__27104892_10,WT,WT,HET,WT,WT,WT,WT,WT,HET,WT,WT,WT,WT,MUT,HET,HET,HET,HET,WT,WT,WT,WT,WT,WT,WT,WT,WT,WT,,,,,,,,,,,,,,,,,,,,,,,,,,,,,,,,,,,,,,,,,,,,,,,,,,,,,,,,,,,,,,,,,,,,,,,,,,,,,,,,,,,,,,,,,,,,,,,,,,,,,,,,,,,,,,,,,,,,,,,,,,,,,,,,,,,,,,,,,,,,,,,,,,,,,,,,,,
CYP2C9,CYP2C9*5 (WT=C MUT=G),C__27859817_40,WT,WT,WT,HET,WT,WT,WT,WT,WT,HET,WT,WT,WT,WT,HET,WT,WT,WT,MUT,HET,HET,HET,WT,WT,WT,WT,WT,WT,,,,,,,,,,,,,,,,,,,,,,,,,,,,,,,,,,,,,,,,,,,,,,,,,,,,,,,,,,,,,,,,,,,,,,,,,,,,,,,,,,,,,,,,,,,,,,,,,,,,,,,,,,,,,,,,,,,,,,,,,,,,,,,,,,,,,,,,,,,,,,,,,,,,,,,,,,
CYP2C9,CYP2C9*6 (WT=A MUT=-),C__32287221_20,WT,WT,WT,WT,HET,WT,WT,WT,WT,WT,HET,WT,WT,WT,WT,HET,WT,WT,WT,HET,WT,WT,MUT,HET,HET,WT,WT,WT,,,,,,,,,,,,,,,,,,,,,,,,,,,,,,,,,,,,,,,,,,,,,,,,,,,,,,,,,,,,,,,,,,,,,,,,,,,,,,,,,,,,,,,,,,,,,,,,,,,,,,,,,,,,,,,,,,,,,,,,,,,,,,,,,,,,,,,,,,,,,,,,,,,,,,,,,,
CYP2C9,CYP2C9*8 (WT=G MUT=A),C__25625804_10,WT,WT,WT,WT,WT,HET,WT,WT,WT,WT,WT,HET,WT,WT,WT,WT,HET,WT,WT,WT,HET,WT,WT,HET,WT,MUT,HET,WT,,,,,,,,,,,,,,,,,,,,,,,,,,,,,,,,,,,,,,,,,,,,,,,,,,,,,,,,,,,,,,,,,,,,,,,,,,,,,,,,,,,,,,,,,,,,,,,,,,,,,,,,,,,,,,,,,,,,,,,,,,,,,,,,,,,,,,,,,,,,,,,,,,,,,,,,,,
CYP2C9,CYP2C9*11 (WT=C MUT=T),C__30634132_70,WT,WT,WT,WT,WT,WT,HET,WT,WT,WT,WT,WT,HET,WT,WT,WT,WT,HET,WT,WT,WT,HET,WT,WT,HET,WT,HET,MUT,,,,,,,,,,,,,,,,,,,,,,,,,,,,,,,,,,,,,,,,,,,,,,,,,,,,,,,,,,,,,,,,,,,,,,,,,,,,,,,,,,,,,,,,,,,,,,,,,,,,,,,,,,,,,,,,,,,,,,,,,,,,,,,,,,,,,,,,,,,,,,,,,,,,,,,,,,
CYP2C Cluster,Probe_Information,Assay_ID,G/G,A/G,A/A,,,,,,,,,,,,,,,,,,,,,,,,,,,,,,,,,,,,,,,,,,,,,,,,,,,,,,,,,,,,,,,,,,,,,,,,,,,,,,,,,,,,,,,,,,,,,,,,,,,,,,,,,,,,,,,,,,,,,,,,,,,,,,,,,,,,,,,,,,,,,,,,,,,,,,,,,,,,,,,,,,,,,,,,,,,,,,,,,,,
CYP2C Cluster,CYP2C rs12777823 (WT=G MUT=A),C__31983399_10,WT,HET,MUT,,,,,,,,,,,,,,,,,,,,,,,,,,,,,,,,,,,,,,,,,,,,,,,,,,,,,,,,,,,,,,,,,,,,,,,,,,,,,,,,,,,,,,,,,,,,,,,,,,,,,,,,,,,,,,,,,,,,,,,,,,,,,,,,,,,,,,,,,,,,,,,,,,,,,,,,,,,,,,,,,,,,,,,,,,,,,,,,,,,
CYP4F2,Probe_Information,Assay_ID,*1/*1,*1/*3,*3/*3,,,,,,,,,,,,,,,,,,,,,,,,,,,,,,,,,,,,,,,,,,,,,,,,,,,,,,,,,,,,,,,,,,,,,,,,,,,,,,,,,,,,,,,,,,,,,,,,,,,,,,,,,,,,,,,,,,,,,,,,,,,,,,,,,,,,,,,,,,,,,,,,,,,,,,,,,,,,,,,,,,,,,,,,,,,,,,,,,,,
CYP4F2,CYP4F2 c.1297C>T; (WT=C MUT=T),C__16179493_40,WT,HET,MUT,,,,,,,,,,,,,,,,,,,,,,,,,,,,,,,,,,,,,,,,,,,,,,,,,,,,,,,,,,,,,,,,,,,,,,,,,,,,,,,,,,,,,,,,,,,,,,,,,,,,,,,,,,,,,,,,,,,,,,,,,,,,,,,,,,,,,,,,,,,,,,,,,,,,,,,,,,,,,,,,,,,,,,,,,,,,,,,,,,,
VKORC1,Probe_Information,Assay_ID,G/G,G/A,A/G,A/A,,,,,,,,,,,,,,,,,,,,,,,,,,,,,,,,,,,,,,,,,,,,,,,,,,,,,,,,,,,,,,,,,,,,,,,,,,,,,,,,,,,,,,,,,,,,,,,,,,,,,,,,,,,,,,,,,,,,,,,,,,,,,,,,,,,,,,,,,,,,,,,,,,,,,,,,,,,,,,,,,,,,,,,,,,,,,,,,,,
VKORC1,VKORC1-1639G>A; (WT=C MUT=T),C__30403261_20,G/G,G/A,A/G,A/A,,,,,,,,,,,,,,,,,,,,,,,,,,,,,,,,,,,,,,,,,,,,,,,,,,,,,,,,,,,,,,,,,,,,,,,,,,,,,,,,,,,,,,,,,,,,,,,,,,,,,,,,,,,,,,,,,,,,,,,,,,,,,,,,,,,,,,,,,,,,,,,,,,,,,,,,,,,,,,,,,,,,,,,,,,,,,,,,,,