Assay_ID,if_Call,Then_convert,Probe_Information
C____469857_10,C/C,WT, CYP2C19*17_g.-806C>T (WT=C MUT=T)
C____469857_10,C/T,HET, CYP2C19*17_g.-806C>T (WT=C MUT=T)
C____469857_10,T/C,HET, CYP2C19*17_g.-806C>T (WT=C MUT=T)
C____469857_10,T/T,MUT, CYP2C19*17_g.-806C>T (WT=C MUT=T)
C___2222771_A0,G/G,WT, CYP2D6*17; 1023C>T; (WT=G MUT=A)
C___2222771_A0,G/A,HET, CYP2D6*17; 1023C>T; (WT=G MUT=A)
C___2222771_A0,A/G,HET, CYP2D6*17; 1023C>T; (WT=G MUT=A)
C___2222771_A0,A/A,MUT, CYP2D6*17; 1023C>T; (WT=G MUT=A)
C__11484460_40,G/G,WT, CYP2D6 (*4 and *10) 100C>T (WT=G MUT=A)
C__11484460_40,G/A,HET, CYP2D6 (*4 and *10) 100C>T (WT=G MUT=A)
C__11484460_40,A/G,HET, CYP2D6 (*4 and *10) 100C>T (WT=G MUT=A)
C__11484460_40,A/A,MUT, CYP2D6 (*4 and *10) 100C>T (WT=G MUT=A)
C__16179493_40,C/C,WT, CYP4F2 c.1297C>T; (WT=C MUT=T)
C__16179493_40,C/T,HET, CYP4F2 c.1297C>T; (WT=C MUT=T)
C__16179493_40,T/C,HET, CYP4F2 c.1297C>T; (WT=C MUT=T)
C__16179493_40,T/T,MUT, CYP4F2 c.1297C>T; (WT=C MUT=T)
C__25625804_10,G/G,WT, CYP2C9*8 (WT=G MUT=A)
C__25625804_10,G/A,HET, CYP2C9*8 (WT=G MUT=A)
C__25625804_10,A/G,HET, CYP2C9*8 (WT=G MUT=A)
C__25625804_10,A/A,MUT, CYP2C9*8 (WT=G MUT=A)
C__25625805_10,C/C,WT, CYP2C9*2 (WT=C MUT=T)
C__25625805_10,C/T,HET, CYP2C9*2 (WT=C MUT=T)
C__25625805_10,T/C,HET, CYP2C9*2 (WT=C MUT=T)
C__25625805_10,T/T,MUT, CYP2C9*2 (WT=C MUT=T)
C__25986767_70,G/G,WT, CYP2C19*2_c.681G>A (WT=G MUT=A)
C__25986767_70,G/A,HET, CYP2C19*2_c.681G>A (WT=G MUT=A)
C__25986767_70,A/G,HET, CYP2C19*2_c.681G>A (WT=G MUT=A)
C__25986767_70,A/A,MUT, CYP2C19*2_c.681G>A (WT=G MUT=A)
C__26201809_30,T/T,WT, CYP3A5*3 (WT=T MUT=C)
C__26201809_30,T/C,HET, CYP3A5*3 (WT=T MUT=C)
C__26201809_30,C/T,HET, CYP3A5*3 (WT=T MUT=C)
C__26201809_30,C/C,MUT, CYP3A5*3 (WT=T MUT=C)
C__27102414_10,C/C,WT, CYP2D6 4180G>C (WT=C MUT=G)
C__27102414_10,C/G,HET, CYP2D6 4180G>C (WT=C MUT=G)
C__27102414_10,G/C,HET, CYP2D6 4180G>C (WT=C MUT=G)
C__27102414_10,G/G,MUT, CYP2D6 4180G>C (WT=C MUT=G)
C__27102425_10,G/G,WT, CYP2D6 2850C>T (WT=G MUT=A)
C__27102425_10,G/A,HET, CYP2D6 2850C>T (WT=G MUT=A)
C__27102425_10,A/G,HET, CYP2D6 2850C>T (WT=G MUT=A)
C__27102425_10,A/A,MUT, CYP2D6 2850C>T (WT=G MUT=A)
C__27102431_D0,C/C,WT, CYP2D6*4; 1846G>A; (WT=C MUT=T)
C__27102431_D0,C/T,HET, CYP2D6*4; 1846G>A; (WT=C MUT=T)
C__27102431_D0,T/C,HET, CYP2D6*4; 1846G>A; (WT=C MUT=T)
C__27102431_D0,T/T,MUT, CYP2D6*4; 1846G>A; (WT=C MUT=T)
C__27104892_10,A/A,WT, CYP2C9*3 (WT=A MUT=C)
C__27104892_10,A/C,HET, CYP2C9*3 (WT=A MUT=C)
C__27104892_10,C/A,HET, CYP2C9*3 (WT=A MUT=C)
C__27104892_10,C/C,MUT, CYP2C9*3 (WT=A MUT=C)
C__27531918_10,G/G,WT, CYP2C19*6_c.395G>A  (WT=G MUT=A)
C__27531918_10,A/G,HET, CYP2C19*6_c.395G>A  (WT=G MUT=A)
C__27531918_10,G/A,HET, CYP2C19*6_c.395G>A  (WT=G MUT=A)
C__27531918_10,A/A,MUT, CYP2C19*6_c.395G>A  (WT=G MUT=A)
C__27859817_40,C/C,WT, CYP2C9*5 (WT=C MUT=G)
C__27859817_40,C/G,HET, CYP2C9*5 (WT=C MUT=G)
C__27859817_40,G/C,HET, CYP2C9*5 (WT=C MUT=G)
C__27859817_40,G/G,MUT, CYP2C9*5 (WT=C MUT=G)
C__27861809_10,G/G,WT, CYP2C19*3_c.636G>A (WT=G MUT=A)
C__27861809_10,G/A,HET, CYP2C19*3_c.636G>A (WT=G MUT=A)
C__27861809_10,A/G,HET, CYP2C19*3_c.636G>A (WT=G MUT=A)
C__27861809_10,A/A,MUT, CYP2C19*3_c.636G>A (WT=G MUT=A)
C__30203950_10,C/C,WT, CYP3A5*6 (WT=C MUT=T)
C__30203950_10,C/T,HET, CYP3A5*6 (WT=C MUT=T)
C__30203950_10,T/C,HET, CYP3A5*6 (WT=C MUT=T)
C__30203950_10,T/T,MUT, CYP3A5*6 (WT=C MUT=T)
C__30403261_20,C/C,G/G, VKORC1-1639G>A; (WT=C MUT=T)
C__30403261_20,C/T,G/A, VKORC1-1639G>A; (WT=C MUT=T)
C__30403261_20,T/C,A/G, VKORC1-1639G>A; (WT=C MUT=T)
C__30403261_20,T/T,A/A, VKORC1-1639G>A; (WT=C MUT=T)
C__30633906_10,T/T,WT, SLCO1B1*5 c.521T>C; (WT=T MUT=C)
C__30633906_10,T/C,HET, SLCO1B1*5 c.521T>C; (WT=T MUT=C)
C__30633906_10,C/T,HET, SLCO1B1*5 c.521T>C; (WT=T MUT=C)
C__30633906_10,C/C,MUT, SLCO1B1*5 c.521T>C; (WT=T MUT=C)
C__30634128_10,C/C,WT, CYP2C19*10_g. C>T (WT=C MUT=T)
C__30634128_10,C/T,HET, CYP2C19*10_g. C>T (WT=C MUT=T)
C__30634128_10,T/C,HET, CYP2C19*10_g. C>T (WT=C MUT=T)
C__30634128_10,T/T,MUT, CYP2C19*10_g. C>T (WT=C MUT=T)
C__30634128_10,NOAMP,NOAMP, CYP2C19*10_g. C>T (WT=C MUT=T)
C__30634130_30,T/T,WT, CYP2C19*8_c.358T>C  (WT=T MUT=C)
C__30634130_30,T/C,HET, CYP2C19*8_c.358T>C  (WT=T MUT=C)
C__30634130_30,C/T,HET, CYP2C19*8_c.358T>C  (WT=T MUT=C)
C__30634130_30,C/C,MUT, CYP2C19*8_c.358T>C  (WT=T MUT=C)
C__30634132_70,C/C,WT, CYP2C9*11 (WT=C MUT=T)
C__30634132_70,C/T,HET, CYP2C9*11 (WT=C MUT=T)
C__30634132_70,T/C,HET, CYP2C9*11 (WT=C MUT=T)
C__30634132_70,T/T,MUT, CYP2C9*11 (WT=C MUT=T)
C__30634136_10,A/A,WT, CYP2C19*4_c.1A>G  (WT=A MUT=G)
C__30634136_10,A/G,HET, CYP2C19*4_c.1A>G  (WT=A MUT=G)
C__30634136_10,G/A,HET, CYP2C19*4_c.1A>G  (WT=A MUT=G)
C__30634136_10,G/G,MUT, CYP2C19*4_c.1A>G  (WT=A MUT=G)
C__32287188_10,-/-,WT, CYP3A5*7 (WT=- MUT=A)
C__32287188_10,-/A,HET, CYP3A5*7 (WT=- MUT=A)
C__32287188_10,A/-,HET, CYP3A5*7 (WT=- MUT=A)
C__32287188_10,A/A,MUT, CYP3A5*7 (WT=- MUT=A)
C__32287221_20,A/A,WT, CYP2C9*6 (WT=A MUT=-)
C__32287221_20,A/-,HET, CYP2C9*6 (WT=A MUT=-)
C__32287221_20,-/A,HET, CYP2C9*6 (WT=A MUT=-)
C__32287221_20,-/-,MUT, CYP2C9*6 (WT=A MUT=-)
C__32388575_A0,T/T,WT, CYP2D6*7; 2935A>C; (WT=T MUT=G)
C__32388575_A0,T/G,HET, CYP2D6*7; 2935A>C; (WT=T MUT=G)
C__32388575_A0,G/T,HET, CYP2D6*7; 2935A>C; (WT=T MUT=G)
C__32388575_A0,G/G,MUT, CYP2D6*7; 2935A>C; (WT=T MUT=G)
C__32407229_60,TCT/TCT,WT, CYP2D6*9; 2615_2617delAAG; (WT=TCT MUT=-)
C__32407229_60,TCT/-,HET, CYP2D6*9; 2615_2617delAAG; (WT=TCT MUT=-)
C__32407229_60,-/TCT,HET, CYP2D6*9; 2615_2617delAAG; (WT=TCT MUT=-)
C__32407229_60,-/-,MUT, CYP2D6*9; 2615_2617delAAG; (WT=TCT MUT=-)
C__32407232_50,T/T,WT, CYP2D6*3; 2549delA; (WT=T MUT=-)
C__32407232_50,T/-,HET, CYP2D6*3; 2549delA; (WT=T MUT=-)
C__32407232_50,-/T,HET, CYP2D6*3; 2549delA; (WT=T MUT=-)
C__32407232_50,-/-,MUT, CYP2D6*3; 2549delA; (WT=T MUT=-)
C__32407243_20,A/A,WT, CYP2D6*6; 1707delT; (WT=A MUT=-)
C__32407243_20,A/-,HET, CYP2D6*6; 1707delT; (WT=A MUT=-)
C__32407243_20,-/A,HET, CYP2D6*6; 1707delT; (WT=A MUT=-)
C__32407243_20,-/-,MUT, CYP2D6*6; 1707delT; (WT=A MUT=-)
C__34816113_20,C/C,WT, CYP2D6*29; 3183G>A; (WT=C MUT=T)
C__34816113_20,C/T,HET, CYP2D6*29; 3183G>A; (WT=C MUT=T)
C__34816113_20,T/C,HET, CYP2D6*29; 3183G>A; (WT=C MUT=T)
C__34816113_20,T/T,MUT, CYP2D6*29; 3183G>A; (WT=C MUT=T)
C__34816116_20,C/C,WT, CYP2D6*41; 2988G>A; (WT=C MUT=T)
C__34816116_20,C/T,HET, CYP2D6*41; 2988G>A; (WT=C MUT=T)
C__34816116_20,T/C,HET, CYP2D6*41; 2988G>A; (WT=C MUT=T)
C__34816116_20,T/T,MUT, CYP2D6*41; 2988G>A; (WT=C MUT=T)
C_30634117C_K0,C/C,WT, CYP2D6*8; 1758G>T; (WT=C MUT=A)
C_30634117C_K0,C/A,HET, CYP2D6*8; 1758G>T; (WT=C MUT=A)
C_30634117C_K0,A/C,HET, CYP2D6*8; 1758G>T; (WT=C MUT=A)
C_30634117C_K0,A/A,MUT, CYP2D6*8; 1758G>T; (WT=C MUT=A)
Hs00010001_cn,1,1, CYP2D6_ex9 (Copy Number)
Hs00010001_cn,2,2, CYP2D6_ex9 (Copy Number)
Hs00010001_cn,3,3, CYP2D6_ex9 (Copy Number)
C_30634117C_K0,NOAMP,NOAMP, CYP2D6*8; 1758G>T; (WT=C MUT=A)
C__11484460_40,NOAMP,NOAMP, CYP2D6 (*4 and *10) 100C>T (WT=G MUT=A)
C__27102414_10,NOAMP,NOAMP, CYP2D6 4180G>C (WT=C MUT=G)
C__27102425_10,NOAMP,NOAMP, CYP2D6 2850C>T (WT=G MUT=A)
C__27102431_D0,NOAMP,NOAMP, CYP2D6*4; 1846G>A; (WT=C MUT=T)
C__32388575_A0,NOAMP,NOAMP, CYP2D6*7; 2935A>C; (WT=T MUT=G)
C__32407229_60,NOAMP,NOAMP, CYP2D6*9; 2615_2617delAAG; (WT=TCT MUT=-)
C__32407232_50,NOAMP,NOAMP, CYP2D6*3; 2549delA; (WT=T MUT=-)
C__32407243_20,NOAMP,NOAMP, CYP2D6*6; 1707delT; (WT=A MUT=-)
C__34816113_20,NOAMP,NOAMP, CYP2D6*29; 3183G>A; (WT=C MUT=T)
C__34816116_20,NOAMP,NOAMP, CYP2D6*41; 2988G>A; (WT=C MUT=T)
C___2222771_A0,NOAMP,NOAMP, CYP2D6*17; 1023C>T; (WT=G MUT=A)
C____469857_10,N/A,Not Detected, CYP2C19*17_g.-806C>T (WT=C MUT=T)
C___2222771_A0,N/A,Not Detected, CYP2D6*17; 1023C>T; (WT=G MUT=A)
C__11484460_40,N/A,Not Detected, CYP2D6 (*4 and *10) 100C>T (WT=G MUT=A)
C__16179493_40,N/A,Not Detected, CYP4F2 c.1297C>T; (WT=C MUT=T)
C__25625804_10,N/A,Not Detected, CYP2C9*8 (WT=G MUT=A)
C__25625805_10,N/A,Not Detected, CYP2C9*2 (WT=C MUT=T)
C__25986767_70,N/A,Not Detected, CYP2C19*2_c.681G>A (WT=G MUT=A)
C__26201809_30,N/A,Not Detected, CYP3A5*3 (WT=T MUT=C)
C__27102414_10,N/A,Not Detected, CYP2D6 4180G>C (WT=C MUT=G)
C__27102425_10,N/A,Not Detected, CYP2D6 2850C>T (WT=G MUT=A)
C__27102431_D0,N/A,Not Detected, CYP2D6*4; 1846G>A; (WT=C MUT=T)
C__27104892_10,N/A,Not Detected, CYP2C9*3 (WT=A MUT=C)
C__27531918_10,N/A,Not Detected, CYP2C19*6_c.395G>A  (WT=G MUT=A)
C__27859817_40,N/A,Not Detected, CYP2C9*5 (WT=C MUT=G)
C__27861809_10,N/A,Not Detected, CYP2C19*3_c.636G>A (WT=G MUT=A)
C__30203950_10,N/A,Not Detected, CYP3A5*6 (WT=C MUT=T)
C__30403261_20,N/A,Not Detected, VKORC1-1639G>A; (WT=C MUT=T)
C__30633906_10,N/A,Not Detected, SCLO1B1*5 c.521T>C; (WT=T MUT=C)
C__30634128_10,N/A,Not Detected, CYP2C19*10_g. C>T (WT=C MUT=T)
C__30634130_30,N/A,Not Detected, CYP2C19*8_c.358T>C  (WT=T MUT=C)
C__30634132_70,N/A,Not Detected, CYP2C9*11 (WT=C MUT=T)
C__30634136_10,N/A,Not Detected, CYP2C19*4_c.1A>G  (WT=A MUT=G)
C__31983399_10,N/A,Not Detected, CYP2C rs12777823 (WT=G MUT=A)
C__32287188_10,N/A,Not Detected, CYP3A5*7 (WT=- MUT=A)
C__32287221_20,N/A,Not Detected, CYP2C9*6 (WT=A MUT=-)
C__32388575_A0,N/A,Not Detected, CYP2D6*7; 2935A>C; (WT=T MUT=G)
C__32407229_60,N/A,Not Detected, CYP2D6*9; 2615_2617delAAG; (WT=TCT MUT=-)
C__32407232_50,N/A,Not Detected, CYP2D6*3; 2549delA; (WT=T MUT=-)
C__32407243_20,N/A,Not Detected, CYP2D6*6; 1707delT; (WT=A MUT=-)
C__34816113_20,N/A,Not Detected, CYP2D6*29; 3183G>A; (WT=C MUT=T)
C__34816116_20,N/A,Not Detected, CYP2D6*41; 2988G>A; (WT=C MUT=T)
C_30634117C_K0,N/A,Not Detected, CYP2D6*8; 1758G>T; (WT=C MUT=A)
Hs00010001_cn,N/A,Not Detected, CYP2D6_ex9 (Copy Number)
C__31983399_10,G/G,WT,CYP2C rs12777823 (WT=G MUT=A)
C__31983399_10,G/A,HET,CYP2C rs12777823 (WT=G MUT=A)
C__31983399_10,A/G,HET,CYP2C rs12777823 (WT=G MUT=A)
C__31983399_10,A/A,MUT,CYP2C rs12777823 (WT=G MUT=A)
C__31983399_10,N/A,Not Detected,CYP2C rs12777823 (WT=G MUT=A)