# Exported By : GUEST,,,,,,,,,,,,,,,,,,,,,,,,,,
# Export Date : 03/28/2023 11:29:46 EDT,,,,,,,,,,,,,,,,,,,,,,,,,,
# Study Name : GPGX-QS-23-30,,,,,,,,,,,,,,,,,,,,,,,,,,
# Experiment Type : Real-time,,,,,,,,,,,,,,,,,,,,,,,,,,
# Instrument Type : QuantStudio™ 12K Flex Real-Time PCR System,,,,,,,,,,,,,,,,,,,,,,,,,,
# Software Version Number : 1.3,,,,,,,,,,,,,,,,,,,,,,,,,,
# Creation Date : 03/28/2023 11:22:48 EDT,,,,,,,,,,,,,,,,,,,,,,,,,,
# Created By : GUEST,,,,,,,,,,,,,,,,,,,,,,,,,,
# Last Modified Date : 03/28/2023 11:29:10 EDT,,,,,,,,,,,,,,,,,,,,,,,,,,
# Last Modified By : GUEST,,,,,,,,,,,,,,,,,,,,,,,,,,
# Template File Name : GPGX  Scheme_Template 12.15.22.lat,,,,,,,,,,,,,,,,,,,,,,,,,,
# Template Originating Study Name : GPGX  9-11-22 TO 12-14-22,,,,,,,,,,,,,,,,,,,,,,,,,,
# Template Creation Date : 12/15/2022 12:34:02 EST,,,,,,,,,,,,,,,,,,,,,,,,,,
# Template Created By User ID : GUEST,,,,,,,,,,,,,,,,,,,,,,,,,,
# Template Software Version Number :  1.3,,,,,,,,,,,,,,,,,,,,,,,,,,
,,,,,,,,,,,,,,,,,,,,,,,,,,
,,,,,,,,,,,,,,,,,,,,,,,,,,
Assay Name,Assay ID,Gene Symbol,NCBI SNP Reference,Sample ID,Call,Manual,Quality,VIC(Rn),FAM(Rn),ROX,Task,Gender,Population,Well,Experiment Name,Plate Barcode,Annotation,Low ROX™ Intensity,NTC FAM™ Intensity High,NTC VIC® Intensity High,Genotype Quality Low,Failed Control,Reference Sample Discordance,Replicate Sample Discordance,Chromosome #,Position
,C__16179493_40,CYP4F2,rs2108622,POS,C/C,FALSE,N/A,2.852,0.104,"261,261.58",Unknown,Unknown,,N13,GPGX-QS-23-30.eds,,,FALSE,FALSE,FALSE,FALSE,FALSE,FALSE,FALSE,19,
,C__31983399_10,CYP2C Cluster,rs12777823,POS,G/G,FALSE,N/A,0.112,3.599,"272,987.84",Unknown,Unknown,,O13,GPGX-QS-23-30.eds,,,FALSE,FALSE,FALSE,FALSE,FALSE,FALSE,FALSE,10,
,C__30403261_20,"POL3S,VKORC1",rs9923231,POS,C/T,FALSE,N/A,2.335,3.033,"269,734.47",Unknown,Unknown,,P13,GPGX-QS-23-30.eds,,,FALSE,FALSE,FALSE,FALSE,FALSE,FALSE,FALSE,16,
*10,C__30634128_10,CYP2C19,rs6413438,POS,C/C,FALSE,N/A,3.077,1.01,"237,721.97",Unknown,Unknown,,M13,GPGX-QS-23-30.eds,,,FALSE,FALSE,FALSE,FALSE,FALSE,FALSE,FALSE,10,
*11,C__30634132_70,CYP2C9,rs28371685,POS,C/C,FALSE,N/A,0.219,3.307,"225,124.02",Unknown,Unknown,,L13,GPGX-QS-23-30.eds,,,FALSE,FALSE,FALSE,FALSE,FALSE,FALSE,FALSE,10,
*17,C____469857_10,CYP2C19,rs12248560,POS,C/C,FALSE,N/A,2.779,0.239,"244,881.48",Unknown,Unknown,,K13,GPGX-QS-23-30.eds,,,FALSE,FALSE,FALSE,FALSE,FALSE,FALSE,FALSE,10,
*17,C___2222771_A0,"NDUFA6-AS1,CYP2D6",rs28371706,POS,G/G,FALSE,N/A,2.434,0.34,"281,016.66",Unknown,Unknown,,M01,GPGX-QS-23-30.eds,,,FALSE,FALSE,FALSE,FALSE,FALSE,FALSE,FALSE,22,
*2,C__25986767_70,CYP2C19,rs4244285,POS,G/G,FALSE,N/A,0.244,3.315,"277,312.06",Unknown,Unknown,,A13,GPGX-QS-23-30.eds,,,FALSE,FALSE,FALSE,FALSE,FALSE,TRUE,FALSE,10,
*2,C__25625805_10,CYP2C9,rs1799853,POS,T/T,FALSE,N/A,0.256,3.191,"269,368.38",Unknown,Unknown,,B13,GPGX-QS-23-30.eds,,,FALSE,FALSE,FALSE,FALSE,FALSE,FALSE,FALSE,10,
*29,C__34816113_20,"CYP2D6,LOC100132273",rs59421388,POS,C/C,FALSE,N/A,2.327,0.069,"263,193.47",Unknown,Unknown,,H01,GPGX-QS-23-30.eds,,,FALSE,FALSE,FALSE,FALSE,FALSE,FALSE,FALSE,22,
*3,C__27861809_10,CYP2C19,rs4986893,POS,G/G,FALSE,N/A,0.091,3.057,"255,959.34",Unknown,Unknown,,C13,GPGX-QS-23-30.eds,,,FALSE,FALSE,FALSE,FALSE,FALSE,FALSE,FALSE,10,
*3,C__27104892_10,CYP2C9,rs1057910,POS,A/A,FALSE,N/A,0.67,2.585,"245,991.13",Unknown,Unknown,,D13,GPGX-QS-23-30.eds,,,FALSE,FALSE,FALSE,FALSE,FALSE,FALSE,FALSE,10,
*3,C__32407232_50,"CYP2D6,LOC100132273",rs35742686,POS,T/T,FALSE,N/A,1.158,0.076,"288,878.91",Unknown,Unknown,,E01,GPGX-QS-23-30.eds,,,FALSE,FALSE,FALSE,FALSE,FALSE,FALSE,FALSE,22,
*3,C__26201809_30,CYP3A5,rs776746,POS,C/C,FALSE,N/A,0.029,2.905,"267,965.72",Unknown,Unknown,,L01,GPGX-QS-23-30.eds,,,FALSE,FALSE,FALSE,FALSE,FALSE,FALSE,FALSE,7,
*4,C__30634136_10,CYP2C19,rs28399504,POS,A/A,FALSE,N/A,3.017,0.163,"254,307.16",Unknown,Unknown,,E13,GPGX-QS-23-30.eds,,,FALSE,FALSE,FALSE,FALSE,FALSE,FALSE,FALSE,10,
*4,C__27102431_D0,"LOC100132273,CYP2D6",rs3892097,POS,C/C,FALSE,N/A,2.853,-0.043,"279,576.34",Unknown,Unknown,,G01,GPGX-QS-23-30.eds,,,FALSE,FALSE,FALSE,FALSE,FALSE,FALSE,FALSE,22,
*41,C__34816116_20,"CYP2D6,LOC100132273",rs28371725,POS,C/C,FALSE,N/A,1.471,0.164,"319,955.63",Unknown,Unknown,,A01,GPGX-QS-23-30.eds,,,FALSE,FALSE,FALSE,FALSE,FALSE,TRUE,FALSE,22,
*5,C__27859817_40,CYP2C9,rs28371686,POS,C/C,FALSE,N/A,2.045,0.257,"242,596.80",Unknown,Unknown,,F13,GPGX-QS-23-30.eds,,,FALSE,FALSE,FALSE,FALSE,FALSE,FALSE,FALSE,10,
*5,C__30633906_10,SLCO1B1,rs4149056,POS,C/T,FALSE,N/A,2.218,2.765,"291,190.66",Unknown,Unknown,,O01,GPGX-QS-23-30.eds,,,FALSE,FALSE,FALSE,FALSE,FALSE,FALSE,FALSE,12,
*6,C__32407243_20,"LOC100132273,CYP2D6",rs5030655,POS,A/A,FALSE,N/A,1.88,0.075,"301,961.53",Unknown,Unknown,,C01,GPGX-QS-23-30.eds,,,FALSE,FALSE,FALSE,FALSE,FALSE,TRUE,FALSE,22,
*6,C__27531918_10,CYP2C19,rs72552267,POS,G/G,FALSE,N/A,0.258,3.79,"239,221.36",Unknown,Unknown,,G13,GPGX-QS-23-30.eds,,,FALSE,FALSE,FALSE,FALSE,FALSE,FALSE,FALSE,10,
*6,C__32287221_20,CYP2C9,,POS,A/A,FALSE,N/A,0.672,2.194,"239,624.72",Unknown,Unknown,,H13,GPGX-QS-23-30.eds,,,FALSE,FALSE,FALSE,FALSE,FALSE,FALSE,FALSE,10,
*6,C__30203950_10,CYP3A5,rs10264272,POS,C/C,FALSE,N/A,2.748,0.477,"274,054.09",Unknown,Unknown,,N01,GPGX-QS-23-30.eds,,,FALSE,FALSE,FALSE,FALSE,FALSE,FALSE,FALSE,7,
*7,C__32388575_A0,"NDUFA6-AS1,CYP2D6",rs5030867,POS,T/T,FALSE,N/A,0.26,2.952,"282,625.13",Unknown,Unknown,,K01,GPGX-QS-23-30.eds,,,FALSE,FALSE,FALSE,FALSE,FALSE,FALSE,FALSE,22,
*7,C__32287188_10,CYP3A5,rs41303343,POS,-/-,FALSE,N/A,0.26,3.497,"314,037.78",Unknown,Unknown,,P01,GPGX-QS-23-30.eds,,,FALSE,FALSE,FALSE,FALSE,FALSE,FALSE,FALSE,7,
*8,C_30634117C_K0,"NDUFA6-AS1,CYP2D6",rs5030865,POS,C/C,FALSE,N/A,0.223,3.172,"277,057.97",Unknown,Unknown,,I01,GPGX-QS-23-30.eds,,,FALSE,FALSE,FALSE,FALSE,FALSE,FALSE,FALSE,22,
*8,C__30634130_30,CYP2C19,rs41291556,POS,T/T,FALSE,N/A,0.127,1.598,"226,718.97",Unknown,Unknown,,I13,GPGX-QS-23-30.eds,,,FALSE,FALSE,FALSE,FALSE,FALSE,FALSE,FALSE,10,
*8,C__25625804_10,CYP2C9,rs7900194,POS,G/G,FALSE,N/A,0.497,3.519,"240,301.45",Unknown,Unknown,,J13,GPGX-QS-23-30.eds,,,FALSE,FALSE,FALSE,FALSE,FALSE,FALSE,FALSE,10,
*9,C__32407229_60,"LOC100132273,CYP2D6",,POS,TCT/TCT,FALSE,N/A,1.554,0.096,"283,809.13",Unknown,Unknown,,J01,GPGX-QS-23-30.eds,,,FALSE,FALSE,FALSE,FALSE,FALSE,FALSE,FALSE,22,
100 C>T,C__11484460_40,"CYP2D7P1,CYP2D6,LOC100132273",rs1065852,POS,G/G,FALSE,N/A,0.528,3.6,"286,812.56",Unknown,Unknown,,F01,GPGX-QS-23-30.eds,,,FALSE,FALSE,FALSE,FALSE,FALSE,FALSE,FALSE,22,
2850 C>T,C__27102425_10,"CYP2D6,LOC100132273",rs16947,POS,G/G,FALSE,N/A,1.33,2.905,"287,889.00",Unknown,Unknown,,D01,GPGX-QS-23-30.eds,,,FALSE,FALSE,FALSE,FALSE,FALSE,FALSE,FALSE,22,
4180 G>C,C__27102414_10,"LOC100132273,CYP2D6",rs1135840,POS,C/C,FALSE,N/A,2.848,0.028,"298,966.97",Unknown,Unknown,,B01,GPGX-QS-23-30.eds,,,FALSE,FALSE,FALSE,FALSE,FALSE,TRUE,FALSE,22,
,C__16179493_40,CYP4F2,rs2108622,NTC,N/A,FALSE,N/A,0.025,0.031,"251,498.55",NTC,Unknown,,N23,GPGX-QS-23-30.eds,,,FALSE,FALSE,FALSE,FALSE,FALSE,FALSE,FALSE,19,
,C__31983399_10,CYP2C Cluster,rs12777823,NTC,N/A,FALSE,N/A,0.046,0.045,"243,378.28",NTC,Unknown,,O23,GPGX-QS-23-30.eds,,,FALSE,FALSE,FALSE,FALSE,FALSE,FALSE,FALSE,10,
,C__30403261_20,"POL3S,VKORC1",rs9923231,NTC,N/A,FALSE,N/A,0.03,0.033,"243,887.50",NTC,Unknown,,P23,GPGX-QS-23-30.eds,,,FALSE,FALSE,FALSE,FALSE,FALSE,FALSE,FALSE,16,
*10,C__30634128_10,CYP2C19,rs6413438,NTC,N/A,FALSE,N/A,0.473,0.037,"235,508.08",NTC,Unknown,,M23,GPGX-QS-23-30.eds,,,FALSE,FALSE,FALSE,FALSE,FALSE,FALSE,FALSE,10,
*11,C__30634132_70,CYP2C9,rs28371685,NTC,N/A,FALSE,N/A,0.029,0.032,"225,112.33",NTC,Unknown,,L23,GPGX-QS-23-30.eds,,,FALSE,FALSE,FALSE,FALSE,FALSE,FALSE,FALSE,10,
*17,C____469857_10,CYP2C19,rs12248560,NTC,N/A,FALSE,N/A,0.043,0.061,"237,373.72",NTC,Unknown,,K23,GPGX-QS-23-30.eds,,,FALSE,FALSE,FALSE,FALSE,FALSE,FALSE,FALSE,10,
*17,C___2222771_A0,"NDUFA6-AS1,CYP2D6",rs28371706,NTC,N/A,FALSE,N/A,0.02,0.035,"257,663.23",NTC,Unknown,,M11,GPGX-QS-23-30.eds,,,FALSE,FALSE,FALSE,FALSE,FALSE,FALSE,FALSE,22,
*2,C__25986767_70,CYP2C19,rs4244285,NTC,N/A,FALSE,N/A,0.041,0.622,"260,371.78",NTC,Unknown,,A23,GPGX-QS-23-30.eds,,,FALSE,FALSE,FALSE,FALSE,TRUE,FALSE,FALSE,10,
*2,C__25625805_10,CYP2C9,rs1799853,NTC,N/A,FALSE,N/A,0.033,0.035,"250,838.72",NTC,Unknown,,B23,GPGX-QS-23-30.eds,,,FALSE,FALSE,FALSE,FALSE,FALSE,FALSE,FALSE,10,
*29,C__34816113_20,"CYP2D6,LOC100132273",rs59421388,NTC,N/A,FALSE,N/A,0.024,0.035,"246,507.14",NTC,Unknown,,H11,GPGX-QS-23-30.eds,,,FALSE,FALSE,FALSE,FALSE,FALSE,FALSE,FALSE,22,
*3,C__27861809_10,CYP2C19,rs4986893,NTC,N/A,FALSE,N/A,0.027,0.068,"252,126.52",NTC,Unknown,,C23,GPGX-QS-23-30.eds,,,FALSE,FALSE,FALSE,FALSE,FALSE,FALSE,FALSE,10,
*3,C__27104892_10,CYP2C9,rs1057910,NTC,N/A,FALSE,N/A,0.035,0.04,"240,644.16",NTC,Unknown,,D23,GPGX-QS-23-30.eds,,,FALSE,FALSE,FALSE,FALSE,FALSE,FALSE,FALSE,10,
*3,C__32407232_50,"CYP2D6,LOC100132273",rs35742686,NTC,N/A,FALSE,N/A,0.024,0.034,"241,695.97",NTC,Unknown,,E11,GPGX-QS-23-30.eds,,,FALSE,FALSE,FALSE,FALSE,FALSE,FALSE,FALSE,22,
*3,C__26201809_30,CYP3A5,rs776746,NTC,N/A,FALSE,N/A,0.018,0.039,"253,939.47",NTC,Unknown,,L11,GPGX-QS-23-30.eds,,,FALSE,FALSE,FALSE,FALSE,FALSE,FALSE,FALSE,7,
*4,C__30634136_10,CYP2C19,rs28399504,NTC,N/A,FALSE,N/A,0.067,0.042,"241,773.47",NTC,Unknown,,E23,GPGX-QS-23-30.eds,,,FALSE,FALSE,FALSE,FALSE,FALSE,FALSE,FALSE,10,
*4,C__27102431_D0,"LOC100132273,CYP2D6",rs3892097,NTC,N/A,FALSE,N/A,0.019,0.024,"251,854.84",NTC,Unknown,,G11,GPGX-QS-23-30.eds,,,FALSE,FALSE,FALSE,FALSE,FALSE,FALSE,FALSE,22,
*41,C__34816116_20,"CYP2D6,LOC100132273",rs28371725,NTC,N/A,FALSE,N/A,0.019,0.031,"272,926.75",NTC,Unknown,,A11,GPGX-QS-23-30.eds,,,FALSE,FALSE,FALSE,FALSE,FALSE,FALSE,FALSE,22,
*5,C__27859817_40,CYP2C9,rs28371686,NTC,N/A,FALSE,N/A,0.027,0.031,"230,622.89",NTC,Unknown,,F23,GPGX-QS-23-30.eds,,,FALSE,FALSE,FALSE,FALSE,FALSE,FALSE,FALSE,10,
*5,C__30633906_10,SLCO1B1,rs4149056,NTC,N/A,FALSE,N/A,0.022,0.037,"279,552.03",NTC,Unknown,,O11,GPGX-QS-23-30.eds,,,FALSE,FALSE,FALSE,FALSE,FALSE,FALSE,FALSE,12,
*6,C__32407243_20,"LOC100132273,CYP2D6",rs5030655,NTC,N/A,FALSE,N/A,0.023,0.027,"269,211.13",NTC,Unknown,,C11,GPGX-QS-23-30.eds,,,FALSE,FALSE,FALSE,FALSE,FALSE,FALSE,FALSE,22,
*6,C__27531918_10,CYP2C19,rs72552267,NTC,N/A,FALSE,N/A,0.022,0.024,"249,478.63",NTC,Unknown,,G23,GPGX-QS-23-30.eds,,,FALSE,FALSE,FALSE,FALSE,FALSE,FALSE,FALSE,10,
*6,C__32287221_20,CYP2C9,,NTC,N/A,FALSE,N/A,0.049,0.052,"254,709.84",NTC,Unknown,,H23,GPGX-QS-23-30.eds,,,FALSE,FALSE,FALSE,FALSE,FALSE,FALSE,FALSE,10,
*6,C__30203950_10,CYP3A5,rs10264272,NTC,N/A,FALSE,N/A,0.026,0.029,"272,964.31",NTC,Unknown,,N11,GPGX-QS-23-30.eds,,,FALSE,FALSE,FALSE,FALSE,FALSE,FALSE,FALSE,7,
*7,C__32388575_A0,"NDUFA6-AS1,CYP2D6",rs5030867,NTC,N/A,FALSE,N/A,0.03,0.043,"257,663.09",NTC,Unknown,,K11,GPGX-QS-23-30.eds,,,FALSE,FALSE,FALSE,FALSE,FALSE,FALSE,FALSE,22,
*7,C__32287188_10,CYP3A5,rs41303343,NTC,N/A,FALSE,N/A,0.023,0.033,"282,953.56",NTC,Unknown,,P11,GPGX-QS-23-30.eds,,,FALSE,FALSE,FALSE,FALSE,FALSE,FALSE,FALSE,7,
*8,C_30634117C_K0,"NDUFA6-AS1,CYP2D6",rs5030865,NTC,N/A,FALSE,N/A,0.028,0.036,"250,388.17",NTC,Unknown,,I11,GPGX-QS-23-30.eds,,,FALSE,FALSE,FALSE,FALSE,FALSE,FALSE,FALSE,22,
*8,C__30634130_30,CYP2C19,rs41291556,NTC,N/A,FALSE,N/A,0.026,0.033,"244,017.98",NTC,Unknown,,I23,GPGX-QS-23-30.eds,,,FALSE,FALSE,FALSE,FALSE,FALSE,FALSE,FALSE,10,
*8,C__25625804_10,CYP2C9,rs7900194,NTC,N/A,FALSE,N/A,0.035,0.034,"233,902.09",NTC,Unknown,,J23,GPGX-QS-23-30.eds,,,FALSE,FALSE,FALSE,FALSE,FALSE,FALSE,FALSE,10,
*9,C__32407229_60,"LOC100132273,CYP2D6",,NTC,N/A,FALSE,N/A,0.025,0.032,"267,727.66",NTC,Unknown,,J11,GPGX-QS-23-30.eds,,,FALSE,FALSE,FALSE,FALSE,FALSE,FALSE,FALSE,22,
100 C>T,C__11484460_40,"CYP2D7P1,CYP2D6,LOC100132273",rs1065852,NTC,N/A,FALSE,N/A,0.019,0.027,"241,358.55",NTC,Unknown,,F11,GPGX-QS-23-30.eds,,,FALSE,FALSE,FALSE,FALSE,FALSE,FALSE,FALSE,22,
2850 C>T,C__27102425_10,"CYP2D6,LOC100132273",rs16947,NTC,N/A,FALSE,N/A,0.024,0.034,"254,034.77",NTC,Unknown,,D11,GPGX-QS-23-30.eds,,,FALSE,FALSE,FALSE,FALSE,FALSE,FALSE,FALSE,22,
4180 G>C,C__27102414_10,"LOC100132273,CYP2D6",rs1135840,NTC,N/A,FALSE,N/A,0.025,0.028,"264,958.50",NTC,Unknown,,B11,GPGX-QS-23-30.eds,,,FALSE,FALSE,FALSE,FALSE,FALSE,FALSE,FALSE,22,
,C__16179493_40,CYP4F2,rs2108622,100067795,C/C,FALSE,N/A,3.01,0.073,"253,785.30",Unknown,Unknown,,N14,GPGX-QS-23-30.eds,,,FALSE,FALSE,FALSE,FALSE,FALSE,FALSE,FALSE,19,
,C__31983399_10,CYP2C Cluster,rs12777823,100067795,G/G,FALSE,N/A,0.115,3.671,"273,916.72",Unknown,Unknown,,O14,GPGX-QS-23-30.eds,,,FALSE,FALSE,FALSE,FALSE,FALSE,FALSE,FALSE,10,
,C__30403261_20,"POL3S,VKORC1",rs9923231,100067795,T/T,FALSE,N/A,0.338,3.832,"279,296.66",Unknown,Unknown,,P14,GPGX-QS-23-30.eds,,,FALSE,FALSE,FALSE,FALSE,FALSE,FALSE,FALSE,16,
*10,C__30634128_10,CYP2C19,rs6413438,100067795,C/C,FALSE,N/A,3.035,0.94,"283,697.75",Unknown,Unknown,,M14,GPGX-QS-23-30.eds,,,FALSE,FALSE,FALSE,FALSE,FALSE,FALSE,FALSE,10,
*11,C__30634132_70,CYP2C9,rs28371685,100067795,C/C,FALSE,N/A,0.212,3.276,"246,820.39",Unknown,Unknown,,L14,GPGX-QS-23-30.eds,,,FALSE,FALSE,FALSE,FALSE,FALSE,FALSE,FALSE,10,
*17,C____469857_10,CYP2C19,rs12248560,100067795,C/T,FALSE,N/A,2.075,2.325,"238,903.86",Unknown,Unknown,,K14,GPGX-QS-23-30.eds,,,FALSE,FALSE,FALSE,FALSE,FALSE,FALSE,FALSE,10,
*17,C___2222771_A0,"NDUFA6-AS1,CYP2D6",rs28371706,100067795,G/G,FALSE,N/A,2.469,0.347,"267,501.41",Unknown,Unknown,,M02,GPGX-QS-23-30.eds,,,FALSE,FALSE,FALSE,FALSE,FALSE,FALSE,FALSE,22,
*2,C__25986767_70,CYP2C19,rs4244285,100067795,G/G,FALSE,N/A,0.236,3.324,"262,277.50",Unknown,Unknown,,A14,GPGX-QS-23-30.eds,,,FALSE,FALSE,FALSE,FALSE,FALSE,FALSE,FALSE,10,
*2,C__25625805_10,CYP2C9,rs1799853,100067795,C/T,FALSE,N/A,2.135,1.988,"256,842.89",Unknown,Unknown,,B14,GPGX-QS-23-30.eds,,,FALSE,FALSE,FALSE,FALSE,FALSE,FALSE,FALSE,10,
*29,C__34816113_20,"CYP2D6,LOC100132273",rs59421388,100067795,C/C,FALSE,N/A,2.463,0.076,"260,763.11",Unknown,Unknown,,H02,GPGX-QS-23-30.eds,,,FALSE,FALSE,FALSE,FALSE,FALSE,FALSE,FALSE,22,
*3,C__27861809_10,CYP2C19,rs4986893,100067795,G/G,FALSE,N/A,0.09,2.869,"270,795.84",Unknown,Unknown,,C14,GPGX-QS-23-30.eds,,,FALSE,FALSE,FALSE,FALSE,FALSE,FALSE,FALSE,10,
*3,C__27104892_10,CYP2C9,rs1057910,100067795,A/A,FALSE,N/A,0.66,2.559,"256,660.73",Unknown,Unknown,,D14,GPGX-QS-23-30.eds,,,FALSE,FALSE,FALSE,FALSE,FALSE,FALSE,FALSE,10,
*3,C__32407232_50,"CYP2D6,LOC100132273",rs35742686,100067795,T/T,FALSE,N/A,1.158,0.1,"284,124.13",Unknown,Unknown,,E02,GPGX-QS-23-30.eds,,,FALSE,FALSE,FALSE,FALSE,FALSE,FALSE,FALSE,22,
*3,C__26201809_30,CYP3A5,rs776746,100067795,C/C,FALSE,N/A,0.031,2.908,"267,979.63",Unknown,Unknown,,L02,GPGX-QS-23-30.eds,,,FALSE,FALSE,FALSE,FALSE,FALSE,FALSE,FALSE,7,
*4,C__30634136_10,CYP2C19,rs28399504,100067795,A/A,FALSE,N/A,3.051,0.176,"241,356.92",Unknown,Unknown,,E14,GPGX-QS-23-30.eds,,,FALSE,FALSE,FALSE,FALSE,FALSE,FALSE,FALSE,10,
*4,C__27102431_D0,"LOC100132273,CYP2D6",rs3892097,100067795,C/C,FALSE,N/A,2.925,-0.028,"272,249.25",Unknown,Unknown,,G02,GPGX-QS-23-30.eds,,,FALSE,FALSE,FALSE,FALSE,FALSE,FALSE,FALSE,22,
*41,C__34816116_20,"CYP2D6,LOC100132273",rs28371725,100067795,C/C,FALSE,N/A,1.48,0.164,"296,957.03",Unknown,Unknown,,A02,GPGX-QS-23-30.eds,,,FALSE,FALSE,FALSE,FALSE,FALSE,FALSE,FALSE,22,
*5,C__27859817_40,CYP2C9,rs28371686,100067795,C/C,FALSE,N/A,2.091,0.261,"228,969.94",Unknown,Unknown,,F14,GPGX-QS-23-30.eds,,,FALSE,FALSE,FALSE,FALSE,FALSE,FALSE,FALSE,10,
*5,C__30633906_10,SLCO1B1,rs4149056,100067795,T/T,FALSE,N/A,0.665,3.714,"270,133.63",Unknown,Unknown,,O02,GPGX-QS-23-30.eds,,,FALSE,FALSE,FALSE,FALSE,FALSE,FALSE,FALSE,12,
*6,C__32407243_20,"LOC100132273,CYP2D6",rs5030655,100067795,A/A,FALSE,N/A,1.871,0.081,"290,552.16",Unknown,Unknown,,C02,GPGX-QS-23-30.eds,,,FALSE,FALSE,FALSE,FALSE,FALSE,FALSE,FALSE,22,
*6,C__27531918_10,CYP2C19,rs72552267,100067795,G/G,FALSE,N/A,0.255,3.806,"244,688.00",Unknown,Unknown,,G14,GPGX-QS-23-30.eds,,,FALSE,FALSE,FALSE,FALSE,FALSE,FALSE,FALSE,10,
*6,C__32287221_20,CYP2C9,,100067795,A/A,FALSE,N/A,0.681,2.209,"239,484.42",Unknown,Unknown,,H14,GPGX-QS-23-30.eds,,,FALSE,FALSE,FALSE,FALSE,FALSE,FALSE,FALSE,10,
*6,C__30203950_10,CYP3A5,rs10264272,100067795,C/C,FALSE,N/A,2.781,0.428,"268,269.78",Unknown,Unknown,,N02,GPGX-QS-23-30.eds,,,FALSE,FALSE,FALSE,FALSE,FALSE,FALSE,FALSE,7,
*7,C__32388575_A0,"NDUFA6-AS1,CYP2D6",rs5030867,100067795,T/T,FALSE,N/A,0.271,2.966,"272,101.00",Unknown,Unknown,,K02,GPGX-QS-23-30.eds,,,FALSE,FALSE,FALSE,FALSE,FALSE,FALSE,FALSE,22,
*7,C__32287188_10,CYP3A5,rs41303343,100067795,-/-,FALSE,N/A,0.267,3.543,"297,039.53",Unknown,Unknown,,P02,GPGX-QS-23-30.eds,,,FALSE,FALSE,FALSE,FALSE,FALSE,FALSE,FALSE,7,
*8,C_30634117C_K0,"NDUFA6-AS1,CYP2D6",rs5030865,100067795,C/C,FALSE,N/A,0.239,3.216,"274,335.44",Unknown,Unknown,,I02,GPGX-QS-23-30.eds,,,FALSE,FALSE,FALSE,FALSE,FALSE,FALSE,FALSE,22,
*8,C__30634130_30,CYP2C19,rs41291556,100067795,T/T,FALSE,N/A,0.105,1.212,"254,340.36",Unknown,Unknown,,I14,GPGX-QS-23-30.eds,,,FALSE,FALSE,FALSE,FALSE,FALSE,FALSE,FALSE,10,
*8,C__25625804_10,CYP2C9,rs7900194,100067795,G/G,FALSE,N/A,0.505,3.616,"240,551.80",Unknown,Unknown,,J14,GPGX-QS-23-30.eds,,,FALSE,FALSE,FALSE,FALSE,FALSE,FALSE,FALSE,10,
*9,C__32407229_60,"LOC100132273,CYP2D6",,100067795,TCT/TCT,FALSE,N/A,1.578,0.114,"284,074.31",Unknown,Unknown,,J02,GPGX-QS-23-30.eds,,,FALSE,FALSE,FALSE,FALSE,FALSE,FALSE,FALSE,22,
100 C>T,C__11484460_40,"CYP2D7P1,CYP2D6,LOC100132273",rs1065852,100067795,G/G,FALSE,N/A,0.563,3.658,"269,962.50",Unknown,Unknown,,F02,GPGX-QS-23-30.eds,,,FALSE,FALSE,FALSE,FALSE,FALSE,FALSE,FALSE,22,
2850 C>T,C__27102425_10,"CYP2D6,LOC100132273",rs16947,100067795,G/G,FALSE,N/A,1.288,2.834,"274,519.63",Unknown,Unknown,,D02,GPGX-QS-23-30.eds,,,FALSE,FALSE,FALSE,FALSE,FALSE,FALSE,FALSE,22,
4180 G>C,C__27102414_10,"LOC100132273,CYP2D6",rs1135840,100067795,C/C,FALSE,N/A,2.846,0.041,"277,194.81",Unknown,Unknown,,B02,GPGX-QS-23-30.eds,,,FALSE,FALSE,FALSE,FALSE,FALSE,FALSE,FALSE,22,
,C__16179493_40,CYP4F2,rs2108622,100067800,C/T,FALSE,N/A,2.771,2.014,"269,655.75",Unknown,Unknown,,N15,GPGX-QS-23-30.eds,,,FALSE,FALSE,FALSE,FALSE,FALSE,FALSE,FALSE,19,
,C__31983399_10,CYP2C Cluster,rs12777823,100067800,G/G,FALSE,N/A,0.125,3.687,"269,906.13",Unknown,Unknown,,O15,GPGX-QS-23-30.eds,,,FALSE,FALSE,FALSE,FALSE,FALSE,FALSE,FALSE,10,
,C__30403261_20,"POL3S,VKORC1",rs9923231,100067800,T/T,FALSE,N/A,0.317,3.851,"297,844.78",Unknown,Unknown,,P15,GPGX-QS-23-30.eds,,,FALSE,FALSE,FALSE,FALSE,FALSE,FALSE,FALSE,16,
*10,C__30634128_10,CYP2C19,rs6413438,100067800,C/C,FALSE,N/A,3.097,0.939,"254,142.58",Unknown,Unknown,,M15,GPGX-QS-23-30.eds,,,FALSE,FALSE,FALSE,FALSE,FALSE,FALSE,FALSE,10,
*11,C__30634132_70,CYP2C9,rs28371685,100067800,C/C,FALSE,N/A,0.209,3.249,"241,093.41",Unknown,Unknown,,L15,GPGX-QS-23-30.eds,,,FALSE,FALSE,FALSE,FALSE,FALSE,FALSE,FALSE,10,
*17,C____469857_10,CYP2C19,rs12248560,100067800,C/T,FALSE,N/A,2.07,2.38,"240,686.06",Unknown,Unknown,,K15,GPGX-QS-23-30.eds,,,FALSE,FALSE,FALSE,FALSE,FALSE,FALSE,FALSE,10,
*17,C___2222771_A0,"NDUFA6-AS1,CYP2D6",rs28371706,100067800,G/G,FALSE,N/A,2.476,0.321,"276,748.81",Unknown,Unknown,,M03,GPGX-QS-23-30.eds,,,FALSE,FALSE,FALSE,FALSE,FALSE,FALSE,FALSE,22,
*2,C__25986767_70,CYP2C19,rs4244285,100067800,G/G,FALSE,N/A,0.24,3.377,"263,371.63",Unknown,Unknown,,A15,GPGX-QS-23-30.eds,,,FALSE,FALSE,FALSE,FALSE,FALSE,FALSE,FALSE,10,
*2,C__25625805_10,CYP2C9,rs1799853,100067800,C/C,FALSE,N/A,2.667,0.123,"257,124.42",Unknown,Unknown,,B15,GPGX-QS-23-30.eds,,,FALSE,FALSE,FALSE,FALSE,FALSE,FALSE,FALSE,10,
*29,C__34816113_20,"CYP2D6,LOC100132273",rs59421388,100067800,C/C,FALSE,N/A,2.505,0.086,"259,846.81",Unknown,Unknown,,H03,GPGX-QS-23-30.eds,,,FALSE,FALSE,FALSE,FALSE,FALSE,FALSE,FALSE,22,
*3,C__27861809_10,CYP2C19,rs4986893,100067800,G/G,FALSE,N/A,0.098,3.036,"256,925.16",Unknown,Unknown,,C15,GPGX-QS-23-30.eds,,,FALSE,FALSE,FALSE,FALSE,FALSE,FALSE,FALSE,10,
*3,C__27104892_10,CYP2C9,rs1057910,100067800,A/A,FALSE,N/A,0.627,2.498,"253,415.45",Unknown,Unknown,,D15,GPGX-QS-23-30.eds,,,FALSE,FALSE,FALSE,FALSE,FALSE,FALSE,FALSE,10,
*3,C__32407232_50,"CYP2D6,LOC100132273",rs35742686,100067800,T/T,FALSE,N/A,1.188,0.105,"272,372.91",Unknown,Unknown,,E03,GPGX-QS-23-30.eds,,,FALSE,FALSE,FALSE,FALSE,FALSE,FALSE,FALSE,22,
*3,C__26201809_30,CYP3A5,rs776746,100067800,T/C,FALSE,N/A,0.545,2.435,"265,828.22",Unknown,Unknown,,L03,GPGX-QS-23-30.eds,,,FALSE,FALSE,FALSE,FALSE,FALSE,FALSE,FALSE,7,
*4,C__30634136_10,CYP2C19,rs28399504,100067800,A/A,FALSE,N/A,3.071,0.174,"239,643.89",Unknown,Unknown,,E15,GPGX-QS-23-30.eds,,,FALSE,FALSE,FALSE,FALSE,FALSE,FALSE,FALSE,10,
*4,C__27102431_D0,"LOC100132273,CYP2D6",rs3892097,100067800,C/C,FALSE,N/A,2.907,-0.043,"263,291.59",Unknown,Unknown,,G03,GPGX-QS-23-30.eds,,,FALSE,FALSE,FALSE,FALSE,FALSE,FALSE,FALSE,22,
*41,C__34816116_20,"CYP2D6,LOC100132273",rs28371725,100067800,C/C,FALSE,N/A,1.538,0.179,"292,212.25",Unknown,Unknown,,A03,GPGX-QS-23-30.eds,,,FALSE,FALSE,FALSE,FALSE,FALSE,FALSE,FALSE,22,
*5,C__27859817_40,CYP2C9,rs28371686,100067800,C/C,FALSE,N/A,2.117,0.277,"226,214.28",Unknown,Unknown,,F15,GPGX-QS-23-30.eds,,,FALSE,FALSE,FALSE,FALSE,FALSE,FALSE,FALSE,10,
*5,C__30633906_10,SLCO1B1,rs4149056,100067800,T/T,FALSE,N/A,0.688,3.736,"273,786.63",Unknown,Unknown,,O03,GPGX-QS-23-30.eds,,,FALSE,FALSE,FALSE,FALSE,FALSE,FALSE,FALSE,12,
*6,C__32407243_20,"LOC100132273,CYP2D6",rs5030655,100067800,A/A,FALSE,N/A,1.745,0.071,"306,955.69",Unknown,Unknown,,C03,GPGX-QS-23-30.eds,,,FALSE,FALSE,FALSE,FALSE,FALSE,FALSE,FALSE,22,
*6,C__27531918_10,CYP2C19,rs72552267,100067800,G/G,FALSE,N/A,0.215,3.66,"257,547.77",Unknown,Unknown,,G15,GPGX-QS-23-30.eds,,,FALSE,FALSE,FALSE,FALSE,FALSE,FALSE,FALSE,10,
*6,C__32287221_20,CYP2C9,,100067800,A/A,FALSE,N/A,0.682,2.217,"235,826.03",Unknown,Unknown,,H15,GPGX-QS-23-30.eds,,,FALSE,FALSE,FALSE,FALSE,FALSE,FALSE,FALSE,10,
*6,C__30203950_10,CYP3A5,rs10264272,100067800,C/C,FALSE,N/A,2.808,0.444,"236,725.31",Unknown,Unknown,,N03,GPGX-QS-23-30.eds,,,FALSE,FALSE,FALSE,FALSE,FALSE,FALSE,FALSE,7,
*7,C__32388575_A0,"NDUFA6-AS1,CYP2D6",rs5030867,100067800,T/T,FALSE,N/A,0.268,2.93,"271,245.63",Unknown,Unknown,,K03,GPGX-QS-23-30.eds,,,FALSE,FALSE,FALSE,FALSE,FALSE,FALSE,FALSE,22,
*7,C__32287188_10,CYP3A5,rs41303343,100067800,-/-,FALSE,N/A,0.278,3.609,"278,576.91",Unknown,Unknown,,P03,GPGX-QS-23-30.eds,,,FALSE,FALSE,FALSE,FALSE,FALSE,FALSE,FALSE,7,
*8,C_30634117C_K0,"NDUFA6-AS1,CYP2D6",rs5030865,100067800,C/C,FALSE,N/A,0.245,3.273,"270,068.88",Unknown,Unknown,,I03,GPGX-QS-23-30.eds,,,FALSE,FALSE,FALSE,FALSE,FALSE,FALSE,FALSE,22,
*8,C__30634130_30,CYP2C19,rs41291556,100067800,T/T,FALSE,N/A,0.128,1.57,"245,896.13",Unknown,Unknown,,I15,GPGX-QS-23-30.eds,,,FALSE,FALSE,FALSE,FALSE,FALSE,FALSE,FALSE,10,
*8,C__25625804_10,CYP2C9,rs7900194,100067800,G/G,FALSE,N/A,0.502,3.614,"228,825.50",Unknown,Unknown,,J15,GPGX-QS-23-30.eds,,,FALSE,FALSE,FALSE,FALSE,FALSE,FALSE,FALSE,10,
*9,C__32407229_60,"LOC100132273,CYP2D6",,100067800,TCT/TCT,FALSE,N/A,1.615,0.13,"290,903.72",Unknown,Unknown,,J03,GPGX-QS-23-30.eds,,,FALSE,FALSE,FALSE,FALSE,FALSE,FALSE,FALSE,22,
100 C>T,C__11484460_40,"CYP2D7P1,CYP2D6,LOC100132273",rs1065852,100067800,G/G,FALSE,N/A,0.574,3.676,"264,909.94",Unknown,Unknown,,F03,GPGX-QS-23-30.eds,,,FALSE,FALSE,FALSE,FALSE,FALSE,FALSE,FALSE,22,
2850 C>T,C__27102425_10,"CYP2D6,LOC100132273",rs16947,100067800,A/G,FALSE,N/A,2.138,1.865,"285,096.16",Unknown,Unknown,,D03,GPGX-QS-23-30.eds,,,FALSE,FALSE,FALSE,FALSE,FALSE,FALSE,FALSE,22,
4180 G>C,C__27102414_10,"LOC100132273,CYP2D6",rs1135840,100067800,C/G,FALSE,N/A,2.152,2.924,"280,649.22",Unknown,Unknown,,B03,GPGX-QS-23-30.eds,,,FALSE,FALSE,FALSE,FALSE,FALSE,FALSE,FALSE,22,
,C__16179493_40,CYP4F2,rs2108622,111111017,C/T,FALSE,N/A,2.874,2.104,"252,115.61",Unknown,Unknown,,N17,GPGX-QS-23-30.eds,,,FALSE,FALSE,FALSE,FALSE,FALSE,FALSE,FALSE,19,
,C__31983399_10,CYP2C Cluster,rs12777823,111111017,G/G,FALSE,N/A,0.125,3.667,"263,340.56",Unknown,Unknown,,O17,GPGX-QS-23-30.eds,,,FALSE,FALSE,FALSE,FALSE,FALSE,FALSE,FALSE,10,
,C__30403261_20,"POL3S,VKORC1",rs9923231,111111017,C/T,FALSE,N/A,2.314,2.985,"272,944.69",Unknown,Unknown,,P17,GPGX-QS-23-30.eds,,,FALSE,FALSE,FALSE,FALSE,FALSE,FALSE,FALSE,16,
*10,C__30634128_10,CYP2C19,rs6413438,111111017,C/C,FALSE,N/A,3.153,0.947,"240,062.70",Unknown,Unknown,,M17,GPGX-QS-23-30.eds,,,FALSE,FALSE,FALSE,FALSE,FALSE,FALSE,FALSE,10,
*11,C__30634132_70,CYP2C9,rs28371685,111111017,C/C,FALSE,N/A,0.21,3.266,"235,578.75",Unknown,Unknown,,L17,GPGX-QS-23-30.eds,,,FALSE,FALSE,FALSE,FALSE,FALSE,FALSE,FALSE,10,
*17,C____469857_10,CYP2C19,rs12248560,111111017,C/C,FALSE,N/A,2.706,0.201,"238,968.20",Unknown,Unknown,,K17,GPGX-QS-23-30.eds,,,FALSE,FALSE,FALSE,FALSE,FALSE,FALSE,FALSE,10,
*17,C___2222771_A0,"NDUFA6-AS1,CYP2D6",rs28371706,111111017,G/G,FALSE,N/A,2.441,0.331,"273,678.66",Unknown,Unknown,,M05,GPGX-QS-23-30.eds,,,FALSE,FALSE,FALSE,FALSE,FALSE,FALSE,FALSE,22,
*2,C__25986767_70,CYP2C19,rs4244285,111111017,G/G,FALSE,N/A,0.238,3.328,"271,548.50",Unknown,Unknown,,A17,GPGX-QS-23-30.eds,,,FALSE,FALSE,FALSE,FALSE,FALSE,FALSE,FALSE,10,
*2,C__25625805_10,CYP2C9,rs1799853,111111017,C/C,FALSE,N/A,2.673,0.13,"254,420.53",Unknown,Unknown,,B17,GPGX-QS-23-30.eds,,,FALSE,FALSE,FALSE,FALSE,FALSE,FALSE,FALSE,10,
*29,C__34816113_20,"CYP2D6,LOC100132273",rs59421388,111111017,C/C,FALSE,N/A,2.327,0.062,"264,666.06",Unknown,Unknown,,H05,GPGX-QS-23-30.eds,,,FALSE,FALSE,FALSE,FALSE,FALSE,FALSE,FALSE,22,
*3,C__27861809_10,CYP2C19,rs4986893,111111017,G/G,FALSE,N/A,0.095,2.91,"264,563.13",Unknown,Unknown,,C17,GPGX-QS-23-30.eds,,,FALSE,FALSE,FALSE,FALSE,FALSE,FALSE,FALSE,10,
*3,C__27104892_10,CYP2C9,rs1057910,111111017,A/A,FALSE,N/A,0.62,2.47,"246,936.94",Unknown,Unknown,,D17,GPGX-QS-23-30.eds,,,FALSE,FALSE,FALSE,FALSE,FALSE,FALSE,FALSE,10,
*3,C__32407232_50,"CYP2D6,LOC100132273",rs35742686,111111017,T/T,FALSE,N/A,1.184,0.102,"273,407.88",Unknown,Unknown,,E05,GPGX-QS-23-30.eds,,,FALSE,FALSE,FALSE,FALSE,FALSE,FALSE,FALSE,22,
*3,C__26201809_30,CYP3A5,rs776746,111111017,C/C,FALSE,N/A,0.038,2.903,"254,335.48",Unknown,Unknown,,L05,GPGX-QS-23-30.eds,,,FALSE,FALSE,FALSE,FALSE,FALSE,FALSE,FALSE,7,
*4,C__30634136_10,CYP2C19,rs28399504,111111017,A/A,FALSE,N/A,3.083,0.159,"237,543.36",Unknown,Unknown,,E17,GPGX-QS-23-30.eds,,,FALSE,FALSE,FALSE,FALSE,FALSE,FALSE,FALSE,10,
*4,C__27102431_D0,"LOC100132273,CYP2D6",rs3892097,111111017,C/C,FALSE,N/A,2.791,-0.044,"277,896.78",Unknown,Unknown,,G05,GPGX-QS-23-30.eds,,,FALSE,FALSE,FALSE,FALSE,FALSE,FALSE,FALSE,22,
*41,C__34816116_20,"CYP2D6,LOC100132273",rs28371725,111111017,C/C,FALSE,N/A,1.499,0.158,"267,346.53",Unknown,Unknown,,A05,GPGX-QS-23-30.eds,,,FALSE,FALSE,FALSE,FALSE,FALSE,FALSE,FALSE,22,
*5,C__27859817_40,CYP2C9,rs28371686,111111017,C/C,FALSE,N/A,2.082,0.243,"234,993.03",Unknown,Unknown,,F17,GPGX-QS-23-30.eds,,,FALSE,FALSE,FALSE,FALSE,FALSE,FALSE,FALSE,10,
*5,C__30633906_10,SLCO1B1,rs4149056,111111017,C/T,FALSE,N/A,2.322,2.52,"278,388.03",Unknown,Unknown,,O05,GPGX-QS-23-30.eds,,,FALSE,FALSE,FALSE,FALSE,FALSE,FALSE,FALSE,12,
*6,C__32407243_20,"LOC100132273,CYP2D6",rs5030655,111111017,A/A,FALSE,N/A,1.906,0.069,"264,087.53",Unknown,Unknown,,C05,GPGX-QS-23-30.eds,,,FALSE,FALSE,FALSE,FALSE,FALSE,FALSE,FALSE,22,
*6,C__27531918_10,CYP2C19,rs72552267,111111017,G/G,FALSE,N/A,0.226,3.724,"244,881.00",Unknown,Unknown,,G17,GPGX-QS-23-30.eds,,,FALSE,FALSE,FALSE,FALSE,FALSE,FALSE,FALSE,10,
*6,C__32287221_20,CYP2C9,,111111017,A/A,FALSE,N/A,0.623,2.164,"237,229.23",Unknown,Unknown,,H17,GPGX-QS-23-30.eds,,,FALSE,FALSE,FALSE,FALSE,FALSE,FALSE,FALSE,10,
*6,C__30203950_10,CYP3A5,rs10264272,111111017,C/C,FALSE,N/A,2.845,0.433,"258,595.42",Unknown,Unknown,,N05,GPGX-QS-23-30.eds,,,FALSE,FALSE,FALSE,FALSE,FALSE,FALSE,FALSE,7,
*7,C__32388575_A0,"NDUFA6-AS1,CYP2D6",rs5030867,111111017,T/T,FALSE,N/A,0.271,2.931,"280,828.75",Unknown,Unknown,,K05,GPGX-QS-23-30.eds,,,FALSE,FALSE,FALSE,FALSE,FALSE,FALSE,FALSE,22,
*7,C__32287188_10,CYP3A5,rs41303343,111111017,-/-,FALSE,N/A,0.281,3.53,"281,370.97",Unknown,Unknown,,P05,GPGX-QS-23-30.eds,,,FALSE,FALSE,FALSE,FALSE,FALSE,FALSE,FALSE,7,
*8,C_30634117C_K0,"NDUFA6-AS1,CYP2D6",rs5030865,111111017,C/C,FALSE,N/A,0.223,3.049,"273,381.56",Unknown,Unknown,,I05,GPGX-QS-23-30.eds,,,FALSE,FALSE,FALSE,FALSE,FALSE,FALSE,FALSE,22,
*8,C__30634130_30,CYP2C19,rs41291556,111111017,T/T,FALSE,N/A,0.123,1.447,"248,983.33",Unknown,Unknown,,I17,GPGX-QS-23-30.eds,,,FALSE,FALSE,FALSE,FALSE,FALSE,FALSE,FALSE,10,
*8,C__25625804_10,CYP2C9,rs7900194,111111017,G/G,FALSE,N/A,0.478,3.538,"234,878.34",Unknown,Unknown,,J17,GPGX-QS-23-30.eds,,,FALSE,FALSE,FALSE,FALSE,FALSE,FALSE,FALSE,10,
*9,C__32407229_60,"LOC100132273,CYP2D6",,111111017,TCT/TCT,FALSE,N/A,1.609,0.133,"262,809.16",Unknown,Unknown,,J05,GPGX-QS-23-30.eds,,,FALSE,FALSE,FALSE,FALSE,FALSE,FALSE,FALSE,22,
100 C>T,C__11484460_40,"CYP2D7P1,CYP2D6,LOC100132273",rs1065852,111111017,G/G,FALSE,N/A,0.491,3.436,"280,033.28",Unknown,Unknown,,F05,GPGX-QS-23-30.eds,,,FALSE,FALSE,FALSE,FALSE,FALSE,FALSE,FALSE,22,
2850 C>T,C__27102425_10,"CYP2D6,LOC100132273",rs16947,111111017,A/A,FALSE,N/A,2.648,0.281,"255,081.91",Unknown,Unknown,,D05,GPGX-QS-23-30.eds,,,FALSE,FALSE,FALSE,FALSE,FALSE,FALSE,FALSE,22,
4180 G>C,C__27102414_10,"LOC100132273,CYP2D6",rs1135840,111111017,G/G,FALSE,N/A,0.065,3.895,"275,721.63",Unknown,Unknown,,B05,GPGX-QS-23-30.eds,,,FALSE,FALSE,FALSE,FALSE,FALSE,FALSE,FALSE,22,
,C__16179493_40,CYP4F2,rs2108622,100079914,C/T,FALSE,N/A,2.798,1.988,"256,325.73",Unknown,Unknown,,N19,GPGX-QS-23-30.eds,,,FALSE,FALSE,FALSE,FALSE,FALSE,FALSE,FALSE,19,
,C__31983399_10,CYP2C Cluster,rs12777823,100079914,A/G,FALSE,N/A,1.974,3.039,"267,403.56",Unknown,Unknown,,O19,GPGX-QS-23-30.eds,,,FALSE,FALSE,FALSE,FALSE,FALSE,FALSE,FALSE,10,
,C__30403261_20,"POL3S,VKORC1",rs9923231,100079914,T/T,FALSE,N/A,0.297,3.837,"276,194.78",Unknown,Unknown,,P19,GPGX-QS-23-30.eds,,,FALSE,FALSE,FALSE,FALSE,FALSE,FALSE,FALSE,16,
*10,C__30634128_10,CYP2C19,rs6413438,100079914,C/C,FALSE,N/A,3.153,0.695,"241,390.19",Unknown,Unknown,,M19,GPGX-QS-23-30.eds,,,FALSE,FALSE,FALSE,FALSE,FALSE,FALSE,FALSE,10,
*11,C__30634132_70,CYP2C9,rs28371685,100079914,C/C,FALSE,N/A,0.206,3.306,"223,862.75",Unknown,Unknown,,L19,GPGX-QS-23-30.eds,,,FALSE,FALSE,FALSE,FALSE,FALSE,FALSE,FALSE,10,
*17,C____469857_10,CYP2C19,rs12248560,100079914,C/T,FALSE,N/A,2.017,2.23,"215,301.23",Unknown,Unknown,,K19,GPGX-QS-23-30.eds,,,FALSE,FALSE,FALSE,FALSE,FALSE,FALSE,FALSE,10,
*17,C___2222771_A0,"NDUFA6-AS1,CYP2D6",rs28371706,100079914,G/G,FALSE,N/A,2.409,0.315,"267,700.81",Unknown,Unknown,,M07,GPGX-QS-23-30.eds,,,FALSE,FALSE,FALSE,FALSE,FALSE,FALSE,FALSE,22,
*2,C__25986767_70,CYP2C19,rs4244285,100079914,A/G,FALSE,N/A,2.673,3.034,"250,791.78",Unknown,Unknown,,A19,GPGX-QS-23-30.eds,,,FALSE,FALSE,FALSE,FALSE,FALSE,FALSE,FALSE,10,
*2,C__25625805_10,CYP2C9,rs1799853,100079914,C/C,FALSE,N/A,2.652,0.111,"246,433.86",Unknown,Unknown,,B19,GPGX-QS-23-30.eds,,,FALSE,FALSE,FALSE,FALSE,FALSE,FALSE,FALSE,10,
*29,C__34816113_20,"CYP2D6,LOC100132273",rs59421388,100079914,C/C,FALSE,N/A,2.351,0.074,"256,439.52",Unknown,Unknown,,H07,GPGX-QS-23-30.eds,,,FALSE,FALSE,FALSE,FALSE,FALSE,FALSE,FALSE,22,
*3,C__27861809_10,CYP2C19,rs4986893,100079914,G/G,FALSE,N/A,0.094,2.916,"244,965.83",Unknown,Unknown,,C19,GPGX-QS-23-30.eds,,,FALSE,FALSE,FALSE,FALSE,FALSE,FALSE,FALSE,10,
*3,C__27104892_10,CYP2C9,rs1057910,100079914,A/A,FALSE,N/A,0.632,2.481,"235,594.11",Unknown,Unknown,,D19,GPGX-QS-23-30.eds,,,FALSE,FALSE,FALSE,FALSE,FALSE,FALSE,FALSE,10,
*3,C__32407232_50,"CYP2D6,LOC100132273",rs35742686,100079914,T/T,FALSE,N/A,1.111,0.101,"262,054.58",Unknown,Unknown,,E07,GPGX-QS-23-30.eds,,,FALSE,FALSE,FALSE,FALSE,FALSE,FALSE,FALSE,22,
*3,C__26201809_30,CYP3A5,rs776746,100079914,T/T,FALSE,N/A,0.971,0.236,"252,126.30",Unknown,Unknown,,L07,GPGX-QS-23-30.eds,,,FALSE,FALSE,FALSE,FALSE,FALSE,FALSE,FALSE,7,
*4,C__30634136_10,CYP2C19,rs28399504,100079914,A/A,FALSE,N/A,3.029,0.151,"244,253.38",Unknown,Unknown,,E19,GPGX-QS-23-30.eds,,,FALSE,FALSE,FALSE,FALSE,FALSE,FALSE,FALSE,10,
*4,C__27102431_D0,"LOC100132273,CYP2D6",rs3892097,100079914,C/T,FALSE,N/A,2.452,2.54,"259,166.55",Unknown,Unknown,,G07,GPGX-QS-23-30.eds,,,FALSE,FALSE,FALSE,FALSE,FALSE,FALSE,FALSE,22,
*41,C__34816116_20,"CYP2D6,LOC100132273",rs28371725,100079914,C/C,FALSE,N/A,1.286,0.135,"280,233.94",Unknown,Unknown,,A07,GPGX-QS-23-30.eds,,,FALSE,FALSE,FALSE,FALSE,FALSE,FALSE,FALSE,22,
*5,C__27859817_40,CYP2C9,rs28371686,100079914,C/C,FALSE,N/A,2.116,0.249,"228,785.44",Unknown,Unknown,,F19,GPGX-QS-23-30.eds,,,FALSE,FALSE,FALSE,FALSE,FALSE,FALSE,FALSE,10,
*5,C__30633906_10,SLCO1B1,rs4149056,100079914,C/T,FALSE,N/A,2.249,2.691,"281,322.00",Unknown,Unknown,,O07,GPGX-QS-23-30.eds,,,FALSE,FALSE,FALSE,FALSE,FALSE,FALSE,FALSE,12,
*6,C__32407243_20,"LOC100132273,CYP2D6",rs5030655,100079914,A/A,FALSE,N/A,1.888,0.086,"262,225.38",Unknown,Unknown,,C07,GPGX-QS-23-30.eds,,,FALSE,FALSE,FALSE,FALSE,FALSE,FALSE,FALSE,22,
*6,C__27531918_10,CYP2C19,rs72552267,100079914,G/G,FALSE,N/A,0.245,3.776,"235,607.92",Unknown,Unknown,,G19,GPGX-QS-23-30.eds,,,FALSE,FALSE,FALSE,FALSE,FALSE,FALSE,FALSE,10,
*6,C__32287221_20,CYP2C9,,100079914,A/A,FALSE,N/A,0.646,2.204,"228,092.95",Unknown,Unknown,,H19,GPGX-QS-23-30.eds,,,FALSE,FALSE,FALSE,FALSE,FALSE,FALSE,FALSE,10,
*6,C__30203950_10,CYP3A5,rs10264272,100079914,C/C,FALSE,N/A,2.801,0.412,"269,958.31",Unknown,Unknown,,N07,GPGX-QS-23-30.eds,,,FALSE,FALSE,FALSE,FALSE,FALSE,FALSE,FALSE,7,
*7,C__32388575_A0,"NDUFA6-AS1,CYP2D6",rs5030867,100079914,T/T,FALSE,N/A,0.266,2.842,"258,931.50",Unknown,Unknown,,K07,GPGX-QS-23-30.eds,,,FALSE,FALSE,FALSE,FALSE,FALSE,FALSE,FALSE,22,
*7,C__32287188_10,CYP3A5,rs41303343,100079914,-/-,FALSE,N/A,0.276,3.524,"285,187.78",Unknown,Unknown,,P07,GPGX-QS-23-30.eds,,,FALSE,FALSE,FALSE,FALSE,FALSE,FALSE,FALSE,7,
*8,C_30634117C_K0,"NDUFA6-AS1,CYP2D6",rs5030865,100079914,C/C,FALSE,N/A,0.218,2.95,"267,512.63",Unknown,Unknown,,I07,GPGX-QS-23-30.eds,,,FALSE,FALSE,FALSE,FALSE,FALSE,FALSE,FALSE,22,
*8,C__30634130_30,CYP2C19,rs41291556,100079914,T/T,FALSE,N/A,0.126,1.47,"240,593.27",Unknown,Unknown,,I19,GPGX-QS-23-30.eds,,,FALSE,FALSE,FALSE,FALSE,FALSE,FALSE,FALSE,10,
*8,C__25625804_10,CYP2C9,rs7900194,100079914,G/G,FALSE,N/A,0.492,3.554,"226,915.88",Unknown,Unknown,,J19,GPGX-QS-23-30.eds,,,FALSE,FALSE,FALSE,FALSE,FALSE,FALSE,FALSE,10,
*9,C__32407229_60,"LOC100132273,CYP2D6",,100079914,TCT/TCT,FALSE,N/A,1.601,0.125,"253,814.48",Unknown,Unknown,,J07,GPGX-QS-23-30.eds,,,FALSE,FALSE,FALSE,FALSE,FALSE,FALSE,FALSE,22,
100 C>T,C__11484460_40,"CYP2D7P1,CYP2D6,LOC100132273",rs1065852,100079914,A/G,FALSE,N/A,2.037,2.202,"254,856.63",Unknown,Unknown,,F07,GPGX-QS-23-30.eds,,,FALSE,FALSE,FALSE,FALSE,FALSE,FALSE,FALSE,22,
2850 C>T,C__27102425_10,"CYP2D6,LOC100132273",rs16947,100079914,G/G,FALSE,N/A,1.257,2.762,"258,200.41",Unknown,Unknown,,D07,GPGX-QS-23-30.eds,,,FALSE,FALSE,FALSE,FALSE,FALSE,FALSE,FALSE,22,
4180 G>C,C__27102414_10,"LOC100132273,CYP2D6",rs1135840,100079914,C/G,FALSE,N/A,2.179,2.702,"275,942.34",Unknown,Unknown,,B07,GPGX-QS-23-30.eds,,,FALSE,FALSE,FALSE,FALSE,FALSE,FALSE,FALSE,22,
,C__16179493_40,CYP4F2,rs2108622,100068882,C/C,FALSE,N/A,3.2,0.111,"250,180.86",Unknown,Unknown,,N18,GPGX-QS-23-30.eds,,,FALSE,FALSE,FALSE,FALSE,FALSE,FALSE,FALSE,19,
,C__31983399_10,CYP2C Cluster,rs12777823,100068882,A/G,FALSE,N/A,1.976,3.074,"272,229.78",Unknown,Unknown,,O18,GPGX-QS-23-30.eds,,,FALSE,FALSE,FALSE,FALSE,FALSE,FALSE,FALSE,10,
,C__30403261_20,"POL3S,VKORC1",rs9923231,100068882,T/T,FALSE,N/A,0.297,3.799,"275,359.13",Unknown,Unknown,,P18,GPGX-QS-23-30.eds,,,FALSE,FALSE,FALSE,FALSE,FALSE,FALSE,FALSE,16,
*10,C__30634128_10,CYP2C19,rs6413438,100068882,C/C,FALSE,N/A,3.101,0.708,"242,632.53",Unknown,Unknown,,M18,GPGX-QS-23-30.eds,,,FALSE,FALSE,FALSE,FALSE,FALSE,FALSE,FALSE,10,
*11,C__30634132_70,CYP2C9,rs28371685,100068882,C/C,FALSE,N/A,0.204,3.278,"239,450.59",Unknown,Unknown,,L18,GPGX-QS-23-30.eds,,,FALSE,FALSE,FALSE,FALSE,FALSE,FALSE,FALSE,10,
*17,C____469857_10,CYP2C19,rs12248560,100068882,C/T,FALSE,N/A,2.007,2.305,"239,348.73",Unknown,Unknown,,K18,GPGX-QS-23-30.eds,,,FALSE,FALSE,FALSE,FALSE,FALSE,FALSE,FALSE,10,
*17,C___2222771_A0,"NDUFA6-AS1,CYP2D6",rs28371706,100068882,G/G,FALSE,N/A,2.414,0.313,"268,885.13",Unknown,Unknown,,M06,GPGX-QS-23-30.eds,,,FALSE,FALSE,FALSE,FALSE,FALSE,FALSE,FALSE,22,
*2,C__25986767_70,CYP2C19,rs4244285,100068882,A/G,FALSE,N/A,2.654,3.031,"291,089.06",Unknown,Unknown,,A18,GPGX-QS-23-30.eds,,,FALSE,FALSE,FALSE,FALSE,FALSE,FALSE,FALSE,10,
*2,C__25625805_10,CYP2C9,rs1799853,100068882,C/C,FALSE,N/A,2.642,0.117,"256,978.97",Unknown,Unknown,,B18,GPGX-QS-23-30.eds,,,FALSE,FALSE,FALSE,FALSE,FALSE,FALSE,FALSE,10,
*29,C__34816113_20,"CYP2D6,LOC100132273",rs59421388,100068882,C/C,FALSE,N/A,2.356,0.071,"265,927.22",Unknown,Unknown,,H06,GPGX-QS-23-30.eds,,,FALSE,FALSE,FALSE,FALSE,FALSE,FALSE,FALSE,22,
*3,C__27861809_10,CYP2C19,rs4986893,100068882,G/G,FALSE,N/A,0.089,2.892,"257,717.55",Unknown,Unknown,,C18,GPGX-QS-23-30.eds,,,FALSE,FALSE,FALSE,FALSE,FALSE,FALSE,FALSE,10,
*3,C__27104892_10,CYP2C9,rs1057910,100068882,A/A,FALSE,N/A,0.673,2.587,"237,599.94",Unknown,Unknown,,D18,GPGX-QS-23-30.eds,,,FALSE,FALSE,FALSE,FALSE,FALSE,FALSE,FALSE,10,
*3,C__32407232_50,"CYP2D6,LOC100132273",rs35742686,100068882,T/T,FALSE,N/A,1.153,0.103,"260,325.19",Unknown,Unknown,,E06,GPGX-QS-23-30.eds,,,FALSE,FALSE,FALSE,FALSE,FALSE,FALSE,FALSE,22,
*3,C__26201809_30,CYP3A5,rs776746,100068882,C/C,FALSE,N/A,0.04,2.828,"272,752.75",Unknown,Unknown,,L06,GPGX-QS-23-30.eds,,,FALSE,FALSE,FALSE,FALSE,FALSE,FALSE,FALSE,7,
*4,C__30634136_10,CYP2C19,rs28399504,100068882,A/A,FALSE,N/A,3.075,0.161,"236,424.69",Unknown,Unknown,,E18,GPGX-QS-23-30.eds,,,FALSE,FALSE,FALSE,FALSE,FALSE,FALSE,FALSE,10,
*4,C__27102431_D0,"LOC100132273,CYP2D6",rs3892097,100068882,C/C,FALSE,N/A,2.815,-0.044,"255,278.92",Unknown,Unknown,,G06,GPGX-QS-23-30.eds,,,FALSE,FALSE,FALSE,FALSE,FALSE,FALSE,FALSE,22,
*41,C__34816116_20,"CYP2D6,LOC100132273",rs28371725,100068882,C/T,FALSE,N/A,0.982,1.323,"275,318.78",Unknown,Unknown,,A06,GPGX-QS-23-30.eds,,,FALSE,FALSE,FALSE,FALSE,FALSE,FALSE,FALSE,22,
*5,C__27859817_40,CYP2C9,rs28371686,100068882,C/C,FALSE,N/A,2.127,0.255,"232,486.67",Unknown,Unknown,,F18,GPGX-QS-23-30.eds,,,FALSE,FALSE,FALSE,FALSE,FALSE,FALSE,FALSE,10,
*5,C__30633906_10,SLCO1B1,rs4149056,100068882,C/T,FALSE,N/A,2.283,2.739,"283,601.63",Unknown,Unknown,,O06,GPGX-QS-23-30.eds,,,FALSE,FALSE,FALSE,FALSE,FALSE,FALSE,FALSE,12,
*6,C__32407243_20,"LOC100132273,CYP2D6",rs5030655,100068882,A/A,FALSE,N/A,1.74,0.082,"282,199.94",Unknown,Unknown,,C06,GPGX-QS-23-30.eds,,,FALSE,FALSE,FALSE,FALSE,FALSE,FALSE,FALSE,22,
*6,C__27531918_10,CYP2C19,rs72552267,100068882,G/G,FALSE,N/A,0.244,3.827,"237,234.88",Unknown,Unknown,,G18,GPGX-QS-23-30.eds,,,FALSE,FALSE,FALSE,FALSE,FALSE,FALSE,FALSE,10,
*6,C__32287221_20,CYP2C9,,100068882,A/A,FALSE,N/A,0.676,2.216,"238,967.98",Unknown,Unknown,,H18,GPGX-QS-23-30.eds,,,FALSE,FALSE,FALSE,FALSE,FALSE,FALSE,FALSE,10,
*6,C__30203950_10,CYP3A5,rs10264272,100068882,C/C,FALSE,N/A,2.846,0.436,"268,137.41",Unknown,Unknown,,N06,GPGX-QS-23-30.eds,,,FALSE,FALSE,FALSE,FALSE,FALSE,FALSE,FALSE,7,
*7,C__32388575_A0,"NDUFA6-AS1,CYP2D6",rs5030867,100068882,T/T,FALSE,N/A,0.259,2.866,"269,877.06",Unknown,Unknown,,K06,GPGX-QS-23-30.eds,,,FALSE,FALSE,FALSE,FALSE,FALSE,FALSE,FALSE,22,
*7,C__32287188_10,CYP3A5,rs41303343,100068882,-/-,FALSE,N/A,0.284,3.535,"293,775.25",Unknown,Unknown,,P06,GPGX-QS-23-30.eds,,,FALSE,FALSE,FALSE,FALSE,FALSE,FALSE,FALSE,7,
*8,C_30634117C_K0,"NDUFA6-AS1,CYP2D6",rs5030865,100068882,C/C,FALSE,N/A,0.218,2.998,"271,162.56",Unknown,Unknown,,I06,GPGX-QS-23-30.eds,,,FALSE,FALSE,FALSE,FALSE,FALSE,FALSE,FALSE,22,
*8,C__30634130_30,CYP2C19,rs41291556,100068882,T/T,FALSE,N/A,0.119,1.435,"258,477.08",Unknown,Unknown,,I18,GPGX-QS-23-30.eds,,,FALSE,FALSE,FALSE,FALSE,FALSE,FALSE,FALSE,10,
*8,C__25625804_10,CYP2C9,rs7900194,100068882,G/G,FALSE,N/A,0.504,3.577,"235,865.09",Unknown,Unknown,,J18,GPGX-QS-23-30.eds,,,FALSE,FALSE,FALSE,FALSE,FALSE,FALSE,FALSE,10,
*9,C__32407229_60,"LOC100132273,CYP2D6",,100068882,TCT/TCT,FALSE,N/A,1.565,0.12,"276,644.44",Unknown,Unknown,,J06,GPGX-QS-23-30.eds,,,FALSE,FALSE,FALSE,FALSE,FALSE,FALSE,FALSE,22,
100 C>T,C__11484460_40,"CYP2D7P1,CYP2D6,LOC100132273",rs1065852,100068882,G/G,FALSE,N/A,0.551,3.622,"249,113.36",Unknown,Unknown,,F06,GPGX-QS-23-30.eds,,,FALSE,FALSE,FALSE,FALSE,FALSE,FALSE,FALSE,22,
2850 C>T,C__27102425_10,"CYP2D6,LOC100132273",rs16947,100068882,A/A,FALSE,N/A,2.6,0.285,"260,918.31",Unknown,Unknown,,D06,GPGX-QS-23-30.eds,,,FALSE,FALSE,FALSE,FALSE,FALSE,FALSE,FALSE,22,
4180 G>C,C__27102414_10,"LOC100132273,CYP2D6",rs1135840,100068882,G/G,FALSE,N/A,0.062,3.91,"271,122.47",Unknown,Unknown,,B06,GPGX-QS-23-30.eds,,,FALSE,FALSE,FALSE,FALSE,FALSE,FALSE,FALSE,22,
,C__16179493_40,CYP4F2,rs2108622,100068880,C/C,FALSE,N/A,3.27,0.116,"239,665.53",Unknown,Unknown,,N20,GPGX-QS-23-30.eds,,,FALSE,FALSE,FALSE,FALSE,FALSE,FALSE,FALSE,19,
,C__31983399_10,CYP2C Cluster,rs12777823,100068880,G/G,FALSE,N/A,0.135,3.725,"271,085.19",Unknown,Unknown,,O20,GPGX-QS-23-30.eds,,,FALSE,FALSE,FALSE,FALSE,FALSE,FALSE,FALSE,10,
,C__30403261_20,"POL3S,VKORC1",rs9923231,100068880,C/T,FALSE,N/A,2.267,3.146,"270,588.22",Unknown,Unknown,,P20,GPGX-QS-23-30.eds,,,FALSE,FALSE,FALSE,FALSE,FALSE,FALSE,FALSE,16,
*10,C__30634128_10,CYP2C19,rs6413438,100068880,C/C,FALSE,N/A,3.246,0.973,"243,215.64",Unknown,Unknown,,M20,GPGX-QS-23-30.eds,,,FALSE,FALSE,FALSE,FALSE,FALSE,FALSE,FALSE,10,
*11,C__30634132_70,CYP2C9,rs28371685,100068880,C/C,FALSE,N/A,0.221,3.375,"226,103.97",Unknown,Unknown,,L20,GPGX-QS-23-30.eds,,,FALSE,FALSE,FALSE,FALSE,FALSE,FALSE,FALSE,10,
*17,C____469857_10,CYP2C19,rs12248560,100068880,C/C,FALSE,N/A,2.803,0.216,"226,061.42",Unknown,Unknown,,K20,GPGX-QS-23-30.eds,,,FALSE,FALSE,FALSE,FALSE,FALSE,FALSE,FALSE,10,
*17,C___2222771_A0,"NDUFA6-AS1,CYP2D6",rs28371706,100068880,G/G,FALSE,N/A,2.44,0.32,"274,088.84",Unknown,Unknown,,M08,GPGX-QS-23-30.eds,,,FALSE,FALSE,FALSE,FALSE,FALSE,FALSE,FALSE,22,
*2,C__25986767_70,CYP2C19,rs4244285,100068880,G/G,FALSE,N/A,0.249,3.426,"258,840.20",Unknown,Unknown,,A20,GPGX-QS-23-30.eds,,,FALSE,FALSE,FALSE,FALSE,FALSE,FALSE,FALSE,10,
*2,C__25625805_10,CYP2C9,rs1799853,100068880,C/C,FALSE,N/A,2.672,0.123,"256,787.52",Unknown,Unknown,,B20,GPGX-QS-23-30.eds,,,FALSE,FALSE,FALSE,FALSE,FALSE,FALSE,FALSE,10,
*29,C__34816113_20,"CYP2D6,LOC100132273",rs59421388,100068880,C/C,FALSE,N/A,2.419,0.083,"245,120.16",Unknown,Unknown,,H08,GPGX-QS-23-30.eds,,,FALSE,FALSE,FALSE,FALSE,FALSE,FALSE,FALSE,22,
*3,C__27861809_10,CYP2C19,rs4986893,100068880,G/G,FALSE,N/A,0.097,3.004,"256,190.69",Unknown,Unknown,,C20,GPGX-QS-23-30.eds,,,FALSE,FALSE,FALSE,FALSE,FALSE,FALSE,FALSE,10,
*3,C__27104892_10,CYP2C9,rs1057910,100068880,A/A,FALSE,N/A,0.672,2.57,"241,821.97",Unknown,Unknown,,D20,GPGX-QS-23-30.eds,,,FALSE,FALSE,FALSE,FALSE,FALSE,FALSE,FALSE,10,
*3,C__32407232_50,"CYP2D6,LOC100132273",rs35742686,100068880,T/T,FALSE,N/A,1.13,0.101,"255,891.84",Unknown,Unknown,,E08,GPGX-QS-23-30.eds,,,FALSE,FALSE,FALSE,FALSE,FALSE,FALSE,FALSE,22,
*3,C__26201809_30,CYP3A5,rs776746,100068880,C/C,FALSE,N/A,0.046,2.874,"253,042.97",Unknown,Unknown,,L08,GPGX-QS-23-30.eds,,,FALSE,FALSE,FALSE,FALSE,FALSE,FALSE,FALSE,7,
*4,C__30634136_10,CYP2C19,rs28399504,100068880,A/A,FALSE,N/A,3.06,0.143,"251,531.69",Unknown,Unknown,,E20,GPGX-QS-23-30.eds,,,FALSE,FALSE,FALSE,FALSE,FALSE,FALSE,FALSE,10,
*4,C__27102431_D0,"LOC100132273,CYP2D6",rs3892097,100068880,C/C,FALSE,N/A,2.885,-0.035,"259,978.16",Unknown,Unknown,,G08,GPGX-QS-23-30.eds,,,FALSE,FALSE,FALSE,FALSE,FALSE,FALSE,FALSE,22,
*41,C__34816116_20,"CYP2D6,LOC100132273",rs28371725,100068880,C/C,FALSE,N/A,1.52,0.165,"283,763.41",Unknown,Unknown,,A08,GPGX-QS-23-30.eds,,,FALSE,FALSE,FALSE,FALSE,FALSE,FALSE,FALSE,22,
*5,C__27859817_40,CYP2C9,rs28371686,100068880,C/C,FALSE,N/A,2.151,0.251,"230,519.78",Unknown,Unknown,,F20,GPGX-QS-23-30.eds,,,FALSE,FALSE,FALSE,FALSE,FALSE,FALSE,FALSE,10,
*5,C__30633906_10,SLCO1B1,rs4149056,100068880,T/T,FALSE,N/A,0.704,3.607,"295,570.63",Unknown,Unknown,,O08,GPGX-QS-23-30.eds,,,FALSE,FALSE,FALSE,FALSE,FALSE,FALSE,FALSE,12,
*6,C__32407243_20,"LOC100132273,CYP2D6",rs5030655,100068880,A/A,FALSE,N/A,1.893,0.079,"268,017.91",Unknown,Unknown,,C08,GPGX-QS-23-30.eds,,,FALSE,FALSE,FALSE,FALSE,FALSE,FALSE,FALSE,22,
*6,C__27531918_10,CYP2C19,rs72552267,100068880,G/G,FALSE,N/A,0.25,3.854,"245,477.88",Unknown,Unknown,,G20,GPGX-QS-23-30.eds,,,FALSE,FALSE,FALSE,FALSE,FALSE,FALSE,FALSE,10,
*6,C__32287221_20,CYP2C9,,100068880,A/A,FALSE,N/A,0.702,2.24,"230,891.42",Unknown,Unknown,,H20,GPGX-QS-23-30.eds,,,FALSE,FALSE,FALSE,FALSE,FALSE,FALSE,FALSE,10,
*6,C__30203950_10,CYP3A5,rs10264272,100068880,C/C,FALSE,N/A,2.862,0.456,"260,156.31",Unknown,Unknown,,N08,GPGX-QS-23-30.eds,,,FALSE,FALSE,FALSE,FALSE,FALSE,FALSE,FALSE,7,
*7,C__32388575_A0,"NDUFA6-AS1,CYP2D6",rs5030867,100068880,T/T,FALSE,N/A,0.268,2.849,"275,515.47",Unknown,Unknown,,K08,GPGX-QS-23-30.eds,,,FALSE,FALSE,FALSE,FALSE,FALSE,FALSE,FALSE,22,
*7,C__32287188_10,CYP3A5,rs41303343,100068880,-/-,FALSE,N/A,0.298,3.531,"292,580.53",Unknown,Unknown,,P08,GPGX-QS-23-30.eds,,,FALSE,FALSE,FALSE,FALSE,FALSE,FALSE,FALSE,7,
*8,C_30634117C_K0,"NDUFA6-AS1,CYP2D6",rs5030865,100068880,C/C,FALSE,N/A,0.209,2.89,"266,555.03",Unknown,Unknown,,I08,GPGX-QS-23-30.eds,,,FALSE,FALSE,FALSE,FALSE,FALSE,FALSE,FALSE,22,
*8,C__30634130_30,CYP2C19,rs41291556,100068880,T/T,FALSE,N/A,0.132,1.505,"251,034.91",Unknown,Unknown,,I20,GPGX-QS-23-30.eds,,,FALSE,FALSE,FALSE,FALSE,FALSE,FALSE,FALSE,10,
*8,C__25625804_10,CYP2C9,rs7900194,100068880,G/G,FALSE,N/A,0.526,3.65,"228,612.64",Unknown,Unknown,,J20,GPGX-QS-23-30.eds,,,FALSE,FALSE,FALSE,FALSE,FALSE,FALSE,FALSE,10,
*9,C__32407229_60,"LOC100132273,CYP2D6",,100068880,TCT/TCT,FALSE,N/A,1.678,0.128,"255,078.61",Unknown,Unknown,,J08,GPGX-QS-23-30.eds,,,FALSE,FALSE,FALSE,FALSE,FALSE,FALSE,FALSE,22,
100 C>T,C__11484460_40,"CYP2D7P1,CYP2D6,LOC100132273",rs1065852,100068880,G/G,FALSE,N/A,0.582,3.601,"253,401.05",Unknown,Unknown,,F08,GPGX-QS-23-30.eds,,,FALSE,FALSE,FALSE,FALSE,FALSE,FALSE,FALSE,22,
2850 C>T,C__27102425_10,"CYP2D6,LOC100132273",rs16947,100068880,G/G,FALSE,N/A,1.335,2.863,"261,245.14",Unknown,Unknown,,D08,GPGX-QS-23-30.eds,,,FALSE,FALSE,FALSE,FALSE,FALSE,FALSE,FALSE,22,
4180 G>C,C__27102414_10,"LOC100132273,CYP2D6",rs1135840,100068880,C/C,FALSE,N/A,2.735,0.046,"279,195.97",Unknown,Unknown,,B08,GPGX-QS-23-30.eds,,,FALSE,FALSE,FALSE,FALSE,FALSE,FALSE,FALSE,22,
,C__16179493_40,CYP4F2,rs2108622,100068746,C/T,FALSE,N/A,3.026,2.348,"228,623.66",Unknown,Unknown,,N21,GPGX-QS-23-30.eds,,,FALSE,FALSE,FALSE,FALSE,FALSE,FALSE,FALSE,19,
,C__31983399_10,CYP2C Cluster,rs12777823,100068746,A/G,FALSE,N/A,2.045,3.219,"252,222.44",Unknown,Unknown,,O21,GPGX-QS-23-30.eds,,,FALSE,FALSE,FALSE,FALSE,FALSE,FALSE,FALSE,10,
,C__30403261_20,"POL3S,VKORC1",rs9923231,100068746,C/T,FALSE,N/A,2.322,3.036,"274,608.53",Unknown,Unknown,,P21,GPGX-QS-23-30.eds,,,FALSE,FALSE,FALSE,FALSE,FALSE,FALSE,FALSE,16,
*10,C__30634128_10,CYP2C19,rs6413438,100068746,C/C,FALSE,N/A,3.155,0.746,"226,565.81",Unknown,Unknown,,M21,GPGX-QS-23-30.eds,,,FALSE,FALSE,FALSE,FALSE,FALSE,FALSE,FALSE,10,
*11,C__30634132_70,CYP2C9,rs28371685,100068746,C/C,FALSE,N/A,0.222,3.393,"226,226.47",Unknown,Unknown,,L21,GPGX-QS-23-30.eds,,,FALSE,FALSE,FALSE,FALSE,FALSE,FALSE,FALSE,10,
*17,C____469857_10,CYP2C19,rs12248560,100068746,C/T,FALSE,N/A,2.137,2.418,"226,058.88",Unknown,Unknown,,K21,GPGX-QS-23-30.eds,,,FALSE,FALSE,FALSE,FALSE,FALSE,FALSE,FALSE,10,
*17,C___2222771_A0,"NDUFA6-AS1,CYP2D6",rs28371706,100068746,G/G,FALSE,N/A,2.566,0.351,"259,665.81",Unknown,Unknown,,M09,GPGX-QS-23-30.eds,,,FALSE,FALSE,FALSE,FALSE,FALSE,FALSE,FALSE,22,
*2,C__25986767_70,CYP2C19,rs4244285,100068746,A/G,FALSE,N/A,2.69,3.217,"326,857.97",Unknown,Unknown,,A21,GPGX-QS-23-30.eds,,,FALSE,FALSE,FALSE,FALSE,FALSE,FALSE,FALSE,10,
*2,C__25625805_10,CYP2C9,rs1799853,100068746,C/C,FALSE,N/A,2.685,0.122,"247,972.73",Unknown,Unknown,,B21,GPGX-QS-23-30.eds,,,FALSE,FALSE,FALSE,FALSE,FALSE,FALSE,FALSE,10,
*29,C__34816113_20,"CYP2D6,LOC100132273",rs59421388,100068746,C/C,FALSE,N/A,2.474,0.075,"238,554.27",Unknown,Unknown,,H09,GPGX-QS-23-30.eds,,,FALSE,FALSE,FALSE,FALSE,FALSE,FALSE,FALSE,22,
*3,C__27861809_10,CYP2C19,rs4986893,100068746,G/G,FALSE,N/A,0.087,3.084,"251,468.91",Unknown,Unknown,,C21,GPGX-QS-23-30.eds,,,FALSE,FALSE,FALSE,FALSE,FALSE,FALSE,FALSE,10,
*3,C__27104892_10,CYP2C9,rs1057910,100068746,A/A,FALSE,N/A,0.662,2.556,"239,448.52",Unknown,Unknown,,D21,GPGX-QS-23-30.eds,,,FALSE,FALSE,FALSE,FALSE,FALSE,FALSE,FALSE,10,
*3,C__32407232_50,"CYP2D6,LOC100132273",rs35742686,100068746,T/T,FALSE,N/A,1.234,0.107,"260,625.58",Unknown,Unknown,,E09,GPGX-QS-23-30.eds,,,FALSE,FALSE,FALSE,FALSE,FALSE,FALSE,FALSE,22,
*3,C__26201809_30,CYP3A5,rs776746,100068746,C/C,FALSE,N/A,0.042,2.88,"268,257.31",Unknown,Unknown,,L09,GPGX-QS-23-30.eds,,,FALSE,FALSE,FALSE,FALSE,FALSE,FALSE,FALSE,7,
*4,C__30634136_10,CYP2C19,rs28399504,100068746,A/A,FALSE,N/A,3.061,0.153,"254,059.33",Unknown,Unknown,,E21,GPGX-QS-23-30.eds,,,FALSE,FALSE,FALSE,FALSE,FALSE,FALSE,FALSE,10,
*4,C__27102431_D0,"LOC100132273,CYP2D6",rs3892097,100068746,C/T,FALSE,N/A,2.526,3.332,"252,122.25",Unknown,Unknown,,G09,GPGX-QS-23-30.eds,,,FALSE,FALSE,FALSE,FALSE,FALSE,FALSE,FALSE,22,
*41,C__34816116_20,"CYP2D6,LOC100132273",rs28371725,100068746,C/C,FALSE,N/A,1.563,0.176,"286,803.09",Unknown,Unknown,,A09,GPGX-QS-23-30.eds,,,FALSE,FALSE,FALSE,FALSE,FALSE,FALSE,FALSE,22,
*5,C__27859817_40,CYP2C9,rs28371686,100068746,C/C,FALSE,N/A,2.159,0.267,"236,417.80",Unknown,Unknown,,F21,GPGX-QS-23-30.eds,,,FALSE,FALSE,FALSE,FALSE,FALSE,FALSE,FALSE,10,
*5,C__30633906_10,SLCO1B1,rs4149056,100068746,T/T,FALSE,N/A,0.707,3.646,"275,397.97",Unknown,Unknown,,O09,GPGX-QS-23-30.eds,,,FALSE,FALSE,FALSE,FALSE,FALSE,FALSE,FALSE,12,
*6,C__32407243_20,"LOC100132273,CYP2D6",rs5030655,100068746,A/A,FALSE,N/A,1.927,0.082,"267,376.09",Unknown,Unknown,,C09,GPGX-QS-23-30.eds,,,FALSE,FALSE,FALSE,FALSE,FALSE,FALSE,FALSE,22,
*6,C__27531918_10,CYP2C19,rs72552267,100068746,G/G,FALSE,N/A,0.259,3.884,"237,645.20",Unknown,Unknown,,G21,GPGX-QS-23-30.eds,,,FALSE,FALSE,FALSE,FALSE,FALSE,FALSE,FALSE,10,
*6,C__32287221_20,CYP2C9,,100068746,A/A,FALSE,N/A,0.696,2.23,"239,002.33",Unknown,Unknown,,H21,GPGX-QS-23-30.eds,,,FALSE,FALSE,FALSE,FALSE,FALSE,FALSE,FALSE,10,
*6,C__30203950_10,CYP3A5,rs10264272,100068746,C/C,FALSE,N/A,2.816,0.398,"272,356.09",Unknown,Unknown,,N09,GPGX-QS-23-30.eds,,,FALSE,FALSE,FALSE,FALSE,FALSE,FALSE,FALSE,7,
*7,C__32388575_A0,"NDUFA6-AS1,CYP2D6",rs5030867,100068746,T/T,FALSE,N/A,0.279,2.868,"269,410.47",Unknown,Unknown,,K09,GPGX-QS-23-30.eds,,,FALSE,FALSE,FALSE,FALSE,FALSE,FALSE,FALSE,22,
*7,C__32287188_10,CYP3A5,rs41303343,100068746,-/-,FALSE,N/A,0.293,3.572,"291,904.72",Unknown,Unknown,,P09,GPGX-QS-23-30.eds,,,FALSE,FALSE,FALSE,FALSE,FALSE,FALSE,FALSE,7,
*8,C_30634117C_K0,"NDUFA6-AS1,CYP2D6",rs5030865,100068746,C/C,FALSE,N/A,0.229,3.025,"259,256.14",Unknown,Unknown,,I09,GPGX-QS-23-30.eds,,,FALSE,FALSE,FALSE,FALSE,FALSE,FALSE,FALSE,22,
*8,C__30634130_30,CYP2C19,rs41291556,100068746,T/T,FALSE,N/A,0.136,1.547,"251,416.39",Unknown,Unknown,,I21,GPGX-QS-23-30.eds,,,FALSE,FALSE,FALSE,FALSE,FALSE,FALSE,FALSE,10,
*8,C__25625804_10,CYP2C9,rs7900194,100068746,G/G,FALSE,N/A,0.537,3.665,"230,784.28",Unknown,Unknown,,J21,GPGX-QS-23-30.eds,,,FALSE,FALSE,FALSE,FALSE,FALSE,FALSE,FALSE,10,
*9,C__32407229_60,"LOC100132273,CYP2D6",,100068746,TCT/TCT,FALSE,N/A,1.728,0.134,"243,752.00",Unknown,Unknown,,J09,GPGX-QS-23-30.eds,,,FALSE,FALSE,FALSE,FALSE,FALSE,FALSE,FALSE,22,
100 C>T,C__11484460_40,"CYP2D7P1,CYP2D6,LOC100132273",rs1065852,100068746,A/G,FALSE,N/A,2.595,1.872,"258,343.67",Unknown,Unknown,,F09,GPGX-QS-23-30.eds,,,FALSE,FALSE,FALSE,FALSE,FALSE,FALSE,FALSE,22,
2850 C>T,C__27102425_10,"CYP2D6,LOC100132273",rs16947,100068746,G/G,FALSE,N/A,1.327,2.851,"258,579.66",Unknown,Unknown,,D09,GPGX-QS-23-30.eds,,,FALSE,FALSE,FALSE,FALSE,FALSE,FALSE,FALSE,22,
4180 G>C,C__27102414_10,"LOC100132273,CYP2D6",rs1135840,100068746,C/G,FALSE,N/A,2.214,2.884,"261,807.05",Unknown,Unknown,,B09,GPGX-QS-23-30.eds,,,FALSE,FALSE,FALSE,FALSE,FALSE,FALSE,FALSE,22,
,C__16179493_40,CYP4F2,rs2108622,100068669,C/T,FALSE,N/A,3.007,2.368,"243,898.27",Unknown,Unknown,,N22,GPGX-QS-23-30.eds,,,FALSE,FALSE,FALSE,FALSE,FALSE,FALSE,FALSE,19,
,C__31983399_10,CYP2C Cluster,rs12777823,100068669,G/G,FALSE,N/A,0.121,3.771,"259,523.52",Unknown,Unknown,,O22,GPGX-QS-23-30.eds,,,FALSE,FALSE,FALSE,FALSE,FALSE,FALSE,FALSE,10,
,C__30403261_20,"POL3S,VKORC1",rs9923231,100068669,C/C,FALSE,N/A,2.845,1.029,"279,415.94",Unknown,Unknown,,P22,GPGX-QS-23-30.eds,,,FALSE,FALSE,FALSE,FALSE,FALSE,FALSE,FALSE,16,
*10,C__30634128_10,CYP2C19,rs6413438,100068669,C/C,FALSE,N/A,2.989,0.942,"245,866.69",Unknown,Unknown,,M22,GPGX-QS-23-30.eds,,,FALSE,FALSE,FALSE,FALSE,FALSE,FALSE,FALSE,10,
*11,C__30634132_70,CYP2C9,rs28371685,100068669,C/C,FALSE,N/A,0.221,3.453,"245,528.44",Unknown,Unknown,,L22,GPGX-QS-23-30.eds,,,FALSE,FALSE,FALSE,FALSE,FALSE,FALSE,FALSE,10,
*17,C____469857_10,CYP2C19,rs12248560,100068669,T/T,FALSE,N/A,0.366,3.609,"240,121.67",Unknown,Unknown,,K22,GPGX-QS-23-30.eds,,,FALSE,FALSE,FALSE,FALSE,FALSE,FALSE,FALSE,10,
*17,C___2222771_A0,"NDUFA6-AS1,CYP2D6",rs28371706,100068669,G/G,FALSE,N/A,2.517,0.327,"280,569.78",Unknown,Unknown,,M10,GPGX-QS-23-30.eds,,,FALSE,FALSE,FALSE,FALSE,FALSE,FALSE,FALSE,22,
*2,C__25986767_70,CYP2C19,rs4244285,100068669,G/G,FALSE,N/A,0.254,3.485,"259,881.47",Unknown,Unknown,,A22,GPGX-QS-23-30.eds,,,FALSE,FALSE,FALSE,FALSE,FALSE,FALSE,FALSE,10,
*2,C__25625805_10,CYP2C9,rs1799853,100068669,C/C,FALSE,N/A,2.66,0.123,"249,463.33",Unknown,Unknown,,B22,GPGX-QS-23-30.eds,,,FALSE,FALSE,FALSE,FALSE,FALSE,FALSE,FALSE,10,
*29,C__34816113_20,"CYP2D6,LOC100132273",rs59421388,100068669,C/C,FALSE,N/A,2.378,0.072,"253,853.23",Unknown,Unknown,,H10,GPGX-QS-23-30.eds,,,FALSE,FALSE,FALSE,FALSE,FALSE,FALSE,FALSE,22,
*3,C__27861809_10,CYP2C19,rs4986893,100068669,G/G,FALSE,N/A,0.086,3.087,"245,617.80",Unknown,Unknown,,C22,GPGX-QS-23-30.eds,,,FALSE,FALSE,FALSE,FALSE,FALSE,FALSE,FALSE,10,
*3,C__27104892_10,CYP2C9,rs1057910,100068669,A/A,FALSE,N/A,0.661,2.603,"239,101.47",Unknown,Unknown,,D22,GPGX-QS-23-30.eds,,,FALSE,FALSE,FALSE,FALSE,FALSE,FALSE,FALSE,10,
*3,C__32407232_50,"CYP2D6,LOC100132273",rs35742686,100068669,T/T,FALSE,N/A,1.094,0.095,"243,912.02",Unknown,Unknown,,E10,GPGX-QS-23-30.eds,,,FALSE,FALSE,FALSE,FALSE,FALSE,FALSE,FALSE,22,
*3,C__26201809_30,CYP3A5,rs776746,100068669,C/C,FALSE,N/A,0.04,2.857,"261,614.23",Unknown,Unknown,,L10,GPGX-QS-23-30.eds,,,FALSE,FALSE,FALSE,FALSE,FALSE,FALSE,FALSE,7,
*4,C__30634136_10,CYP2C19,rs28399504,100068669,A/A,FALSE,N/A,3.046,0.163,"244,535.75",Unknown,Unknown,,E22,GPGX-QS-23-30.eds,,,FALSE,FALSE,FALSE,FALSE,FALSE,FALSE,FALSE,10,
*4,C__27102431_D0,"LOC100132273,CYP2D6",rs3892097,100068669,C/C,FALSE,N/A,2.963,-0.015,"255,920.69",Unknown,Unknown,,G10,GPGX-QS-23-30.eds,,,FALSE,FALSE,FALSE,FALSE,FALSE,FALSE,FALSE,22,
*41,C__34816116_20,"CYP2D6,LOC100132273",rs28371725,100068669,C/C,FALSE,N/A,1.546,0.169,"277,137.28",Unknown,Unknown,,A10,GPGX-QS-23-30.eds,,,FALSE,FALSE,FALSE,FALSE,FALSE,FALSE,FALSE,22,
*5,C__27859817_40,CYP2C9,rs28371686,100068669,C/C,FALSE,N/A,2.108,0.248,"240,016.83",Unknown,Unknown,,F22,GPGX-QS-23-30.eds,,,FALSE,FALSE,FALSE,FALSE,FALSE,FALSE,FALSE,10,
*5,C__30633906_10,SLCO1B1,rs4149056,100068669,T/T,FALSE,N/A,0.726,3.65,"273,692.53",Unknown,Unknown,,O10,GPGX-QS-23-30.eds,,,FALSE,FALSE,FALSE,FALSE,FALSE,FALSE,FALSE,12,
*6,C__32407243_20,"LOC100132273,CYP2D6",rs5030655,100068669,A/A,FALSE,N/A,1.927,0.082,"267,903.88",Unknown,Unknown,,C10,GPGX-QS-23-30.eds,,,FALSE,FALSE,FALSE,FALSE,FALSE,FALSE,FALSE,22,
*6,C__27531918_10,CYP2C19,rs72552267,100068669,G/G,FALSE,N/A,0.249,3.916,"239,545.33",Unknown,Unknown,,G22,GPGX-QS-23-30.eds,,,FALSE,FALSE,FALSE,FALSE,FALSE,FALSE,FALSE,10,
*6,C__32287221_20,CYP2C9,,100068669,A/A,FALSE,N/A,0.678,2.248,"247,328.27",Unknown,Unknown,,H22,GPGX-QS-23-30.eds,,,FALSE,FALSE,FALSE,FALSE,FALSE,FALSE,FALSE,10,
*6,C__30203950_10,CYP3A5,rs10264272,100068669,C/C,FALSE,N/A,2.899,0.447,"267,344.81",Unknown,Unknown,,N10,GPGX-QS-23-30.eds,,,FALSE,FALSE,FALSE,FALSE,FALSE,FALSE,FALSE,7,
*7,C__32388575_A0,"NDUFA6-AS1,CYP2D6",rs5030867,100068669,T/T,FALSE,N/A,0.277,2.845,"264,922.06",Unknown,Unknown,,K10,GPGX-QS-23-30.eds,,,FALSE,FALSE,FALSE,FALSE,FALSE,FALSE,FALSE,22,
*7,C__32287188_10,CYP3A5,rs41303343,100068669,-/-,FALSE,N/A,0.306,3.594,"281,961.19",Unknown,Unknown,,P10,GPGX-QS-23-30.eds,,,FALSE,FALSE,FALSE,FALSE,FALSE,FALSE,FALSE,7,
*8,C_30634117C_K0,"NDUFA6-AS1,CYP2D6",rs5030865,100068669,C/C,FALSE,N/A,0.228,3.014,"250,946.50",Unknown,Unknown,,I10,GPGX-QS-23-30.eds,,,FALSE,FALSE,FALSE,FALSE,FALSE,FALSE,FALSE,22,
*8,C__30634130_30,CYP2C19,rs41291556,100068669,T/T,FALSE,N/A,0.153,1.596,"240,176.34",Unknown,Unknown,,I22,GPGX-QS-23-30.eds,,,FALSE,FALSE,FALSE,FALSE,FALSE,FALSE,FALSE,10,
*8,C__25625804_10,CYP2C9,rs7900194,100068669,G/G,FALSE,N/A,0.524,3.693,"242,455.61",Unknown,Unknown,,J22,GPGX-QS-23-30.eds,,,FALSE,FALSE,FALSE,FALSE,FALSE,FALSE,FALSE,10,
*9,C__32407229_60,"LOC100132273,CYP2D6",,100068669,TCT/TCT,FALSE,N/A,1.673,0.131,"256,846.92",Unknown,Unknown,,J10,GPGX-QS-23-30.eds,,,FALSE,FALSE,FALSE,FALSE,FALSE,FALSE,FALSE,22,
100 C>T,C__11484460_40,"CYP2D7P1,CYP2D6,LOC100132273",rs1065852,100068669,G/G,FALSE,N/A,0.604,3.615,"249,600.09",Unknown,Unknown,,F10,GPGX-QS-23-30.eds,,,FALSE,FALSE,FALSE,FALSE,FALSE,FALSE,FALSE,22,
2850 C>T,C__27102425_10,"CYP2D6,LOC100132273",rs16947,100068669,A/G,FALSE,N/A,2.237,1.914,"263,144.38",Unknown,Unknown,,D10,GPGX-QS-23-30.eds,,,FALSE,FALSE,FALSE,FALSE,FALSE,FALSE,FALSE,22,
4180 G>C,C__27102414_10,"LOC100132273,CYP2D6",rs1135840,100068669,C/G,FALSE,N/A,2.218,2.865,"286,635.31",Unknown,Unknown,,B10,GPGX-QS-23-30.eds,,,FALSE,FALSE,FALSE,FALSE,FALSE,FALSE,FALSE,22,
,,,,,,,,,,,,,,,,,,,,,,,,,,
Assay ID,Assay Name,Population,Allele 1 Freq,Allele 2 Freq,1/1 Freq,1/2 Freq,2/2 Freq,Chi-Squared,P-Value,,,,,,,,,,,,,,,,,
C_30634117C_K0,*8,All,0%,100%,0%,0%,100%,0,1,,,,,,,,,,,,,,,,,
C__11484460_40,100 C>T,All,11.10%,88.90%,0%,22.20%,77.80%,0.141,0.707,,,,,,,,,,,,,,,,,
C__16179493_40,,All,72.20%,27.80%,44.40%,55.60%,0%,1.331,0.249,,,,,,,,,,,,,,,,,
C__25625804_10,*8,All,0%,100%,0%,0%,100%,0,1,,,,,,,,,,,,,,,,,
C__25625805_10,*2,All,85%,15%,80%,10%,10%,3.695,0.055,,,,,,,,,,,,,,,,,
C__25986767_70,*2,All,16.70%,83.30%,0%,33.30%,66.70%,0.36,0.549,,,,,,,,,,,,,,,,,
C__26201809_30,*3,All,15%,85%,10%,10%,80%,3.695,0.055,,,,,,,,,,,,,,,,,
C__27102414_10,4180 G>C,All,55.60%,44.40%,33.30%,44.40%,22.20%,0.09,0.764,,,,,,,,,,,,,,,,,
C__27102425_10,2850 C>T,All,33.30%,66.70%,22.20%,22.20%,55.60%,2.25,0.134,,,,,,,,,,,,,,,,,
C__27102431_D0,*4,All,90%,10%,80%,20%,0%,0.123,0.726,,,,,,,,,,,,,,,,,
C__27104892_10,*3,All,0%,100%,0%,0%,100%,0,1,,,,,,,,,,,,,,,,,
C__27531918_10,*6,All,0%,100%,0%,0%,100%,0,1,,,,,,,,,,,,,,,,,
C__27859817_40,*5,All,100%,0%,100%,0%,0%,0,1,,,,,,,,,,,,,,,,,
C__27861809_10,*3,All,0%,100%,0%,0%,100%,0,1,,,,,,,,,,,,,,,,,
C__30203950_10,*6,All,100%,0%,100%,0%,0%,0,1,,,,,,,,,,,,,,,,,
C__30403261_20,,All,33.30%,66.70%,11.10%,44.40%,44.40%,0,1,,,,,,,,,,,,,,,,,
C__30633906_10,*5,All,20%,80%,0%,40%,60%,0.625,0.429,,,,,,,,,,,,,,,,,
C__30634128_10,*10,All,100%,0%,100%,0%,0%,0,1,,,,,,,,,,,,,,,,,
C__30634130_30,*8,All,0%,100%,0%,0%,100%,0,1,,,,,,,,,,,,,,,,,
C__30634132_70,*11,All,0%,100%,0%,0%,100%,0,1,,,,,,,,,,,,,,,,,
C__30634136_10,*4,All,100%,0%,100%,0%,0%,0,1,,,,,,,,,,,,,,,,,
C__31983399_10,,All,16.70%,83.30%,0%,33.30%,66.70%,0.36,0.549,,,,,,,,,,,,,,,,,
C__32287188_10,*7,All,0%,100%,0%,0%,100%,0,1,,,,,,,,,,,,,,,,,
C__32287221_20,*6,All,0%,100%,0%,0%,100%,0,1,,,,,,,,,,,,,,,,,
C__32388575_A0,*7,All,0%,100%,0%,0%,100%,0,1,,,,,,,,,,,,,,,,,
C__32407229_60,*9,All,100%,0%,100%,0%,0%,0,1,,,,,,,,,,,,,,,,,
C__32407232_50,*3,All,100%,0%,100%,0%,0%,0,1,,,,,,,,,,,,,,,,,
C__32407243_20,*6,All,100%,0%,100%,0%,0%,0,1,,,,,,,,,,,,,,,,,
C__34816113_20,*29,All,100%,0%,100%,0%,0%,0,1,,,,,,,,,,,,,,,,,
C__34816116_20,*41,All,95%,5%,90%,10%,0%,0.028,0.867,,,,,,,,,,,,,,,,,
C___2222771_A0,*17,All,100%,0%,100%,0%,0%,0,1,,,,,,,,,,,,,,,,,
C____469857_10,*17,All,61.10%,38.90%,33.30%,55.60%,11.10%,0.257,0.612,,,,,,,,,,,,,,,,,
